重复组号,重复条数,涉及景点数,评论内容,涉及景点,评论编号列表
1,81,23,景色不错，,《文成公主》大型史诗剧、亚丁村、噶丹松赞林寺、墨石公园景区、大昭寺、巴松措、布达拉宫、康定木格措景区、普达措国家公园、木雅圣地景区、松赞林景区、格萨尔王城、独克宗古城、珠穆朗玛峰、石卡雪山、稻城亚丁、米堆冰川、纳木措景区、羊卓雍错、虎跳峡(香格里拉段)、雅鲁藏布大峡谷、雨崩村、香格里拉巴拉格宗风景名胜区,166739821、166309686、166073023、165227124、164724582、164552510、164411470、164386183、164155848、163918872、163828952、164757355、163613709、164199725、166930104、166782431、166690011、165331961、165095749、165086874、164939243、164747028、164471540、164463782、163719470、166521186、166521202、165998540、164936801、163922817、164975126、166921992、164181439、164532004、165914487、165128633、164242418、166590800、165602341、164649753、164564110、164234719、164040356、163970732、165174110、164659810、164317825、164108595、164937642、164761239、164049863、163835825、164418821、166817539、166663535、166540656、166510099、166318335、165842252、165291273、165196006、165088077、165016017、164852233、164174702、165128634、165042523、164725441、164177323、166597476、166488273、166147668、165397188、164777626、164480452、164427925、164228115、165836181、165511965、165004812、164357780
2,62,24,好好好好好,《文成公主》大型史诗剧、亚拉雪山风景区、南迦巴瓦峰、噶丹松赞林寺、墨石公园景区、奇林峡风景区、小昭寺、巴塘措普沟景区、巴松措、布达拉宫、康定木格措景区、松赞林景区、珠峰大本营、珠峰景区、白水台、石卡雪山、稻城亚丁、索松村、纳木措国家公园、纳木措景区、羊卓雍错、虎跳峡(香格里拉段)、雅鲁藏布大峡谷、香格里拉巴拉格宗风景名胜区,174802070、821690255、776871901、766313633、202033812、790126933、180295621、180295613、176852852、174715966、671014303、238104231、216482155、772316700、648890607、219107498、797740749、797740644、797740350、797740266、797740525、205086687、645064498、194373236、188506648、187285715、181798842、212724814、230461043、219636964、215448549、209418252、174802054、646911224、815075766、777037752、221575075、221554992、218826749、218251188、217621342、216950504、216201847、206001489、187292456、705235609、687277627、180618846、180584866、176053611、233204259、217535634、814592465、703835084、686399281、676644424、199618546、178561601、216482141、224789839、787591470、699049163
3,36,1,去西藏并不是为了所谓的净化心灵，只是为了在漫长的旅途慢慢地呼吸，感受时光，与自己对话。非常非常非常好的体验，珠峰再也不是课本里面的珠峰了,珠峰大本营,215752559、215753203、215753175、215753133、215753070、215753028、215752972、215752958、215752923、215752888、215752839、215752790、215752762、215752727、215752692、215752657、215752615、215752573、215752538、215752489、215752468、215752433、215752398、215752328、215752300、215752279、215752237、215752202、215752174、215752139、215752104、215752076、215751922、215751880、215752993、215752384
4,35,17,非常值得去,《文成公主》大型史诗剧、南迦巴瓦峰、噶丹松赞林寺、大昭寺、巴塘措普沟景区、巴松措、巴松措休闲水上运动中心、康定木格措景区、普达措国家公园、来古冰川、松赞林景区、珠峰景区、纳木措景区、羊卓雍错、虎跳峡(香格里拉段)、西藏非物质文化遗产博物馆、香格里拉巴拉格宗风景名胜区,802637879、238834331、216575633、215077402、168821397、166696122、772430408、223513403、222350577、199307823、189670930、181769324、234351433、234351391、218005999、215797863、203208377、698958240、802634918、164178231、634226006、215522952、220754878、210760173、209834997、647923760、226323812、226278851、170815550、169868989、790053335、667968414、221099642、817297902、748785059
5,35,11,值得推荐，,《文成公主》大型史诗剧、亚丁村、噶丹松赞林寺、大昭寺、布达拉宫、普达措国家公园、松赞林景区、滇金丝猴国家公园、石卡雪山、羊卓雍错、香格里拉巴拉格宗风景名胜区,164133336、164012637、164840856、164239256、163629860、164181450、164018734、164532915、164386177、164274393、164237696、164158676、164089421、163674760、164747047、164556154、164558844、163908208、164737402、164716377、164532678、164516090、164353389、164255252、164206400、164153231、163999952、163905890、163903531、164809276、164442256、220091215、164740187、164740192、164695940
6,34,1,很不错，值得信赖，公司多次组织来旅游一直都会来这里的，很不错。每次也都会通过携程平台来下单，很方便快捷的特别是名单录入后。,纳木措景区,191799994、191799987、191799966、191799959、191799938、191799917、191799903、191799896、191799882、191799868、191799854、191799224、191799210、191799196、191799168、191799154、191799140、191799091、191799084、191799049、191799035、191799007、191798993、191798979、191798958、191798951、191794156、191467711、191467704、191467697、191467683、191467662、191467620、191467599
7,30,12,景色不错，值得推荐，,亚丁村、噶丹松赞林寺、墨石公园景区、大昭寺、康定木格措景区、普达措国家公园、松赞林景区、纳木措国家公园、纳木措景区、羊卓雍错、苯日景区、香格里拉巴拉格宗风景名胜区,164353486、164213342、164080344、164431353、164412524、164763718、164037460、164119641、164085167、163597058、164516302、164503619、164151959、164085183、164082722、164024736、163658586、164194105、164131831、164039961、164460116、164204851、164029016、163877890、164672767、164442978、164810869、163690956、163600891、163610348
8,29,13,***,《文成公主》大型史诗剧、噶丹松赞林寺、大昭寺、巴松措、布达拉宫、康定木格措景区、松赞林景区、石卡雪山、纳木措国家公园、纳木措景区、羊卓雍错、虎跳峡(香格里拉段)、香格里拉巴拉格宗风景名胜区,161928454、162359694、167553347、171868099、167059359、163569847、171087615、164603727、163282055、172055888、166565348、164810732、164579527、164317154、161736000、167334833、167334840、168413434、167976861、167783880、167784681、166680450、166680458、166614654、162471063、162030570、167923390、164603751、162506054
9,28,9,总体超赞，,《文成公主》大型史诗剧、南迦巴瓦峰、噶丹松赞林寺、大昭寺、巴塘措普沟景区、拉萨日多温泉山庄、石卡雪山、羊卓雍错、蓝色天国羊八井地热旅游区,166058529、166784429、166456116、166550180、166307865、166914016、166921638、166889933、166699334、166680307、166643061、166624391、166393469、166369053、166305678、166140589、166127566、166127580、166052718、165590700、165315715、164993190、166503808、166478270、166393926、166176827、166914021、164931053
10,25,1,久问世界之巅 远不及亲眼去见一面，经过了108拐 吹过了5200米的风 当我站在珠穆朗玛峰的脚下，这一刻朱峰不再是语文课本上的朱峰 而是我眼前的朱峰,珠峰大本营,213428965、213428916、213428811、213428776、213428706、213428685、213428580、213428566、213428496、213428482、213428041、213427985、213427957、213427747、213427684、213427635、213427607、213427551、213427460、213427901、213428930、213428734、213428622、213428587、213428531
11,23,12,值得一去的地方,《文成公主》大型史诗剧、世界柏树王园林、噶丹松赞林寺、墨石公园景区、大昭寺、巴松措、康定木格措景区、松赞林景区、珠峰景区、稻城亚丁、纳木措景区、香格里拉巴拉格宗风景名胜区,703982392、210671651、163979052、233572949、213033171、188399128、181865089、762527270、226694546、216228027、682775409、224458032、179345397、179345384、181803662、803605643、766503627、203399729、181087985、169692244、179345410、179345399、767809141
12,23,14,不错不错不错,亚丁村、噶丹松赞林寺、墨石公园景区、大昭寺、奇林峡风景区、巴松措、布达拉宫、康定木格措景区、措木及日、松赞林景区、珠峰景区、稻城亚丁、纳木措景区、香格里拉巴拉格宗风景名胜区,175780835、805459285、230375937、219297520、784637498、217889106、171239174、178260358、772150905、218847623、215808720、784474909、179728765、195475855、165525381、800331638、197579292、181769731、208776723、189499297、173026414、799978705、171680537
13,23,15,非常值得一去,《文成公主》大型史诗剧、世界柏树王园林、南迦巴瓦峰、噶丹松赞林寺、大昭寺、巴塘措普沟景区、巴松措、布达拉宫、康定木格措景区、普达措国家公园、松赞林景区、稻城亚丁、纳木措景区、羊卓雍错、虎跳峡(香格里拉段),218656789、215861332、178841661、230897248、205095479、171672159、170787548、416151373、230905732、164914144、798737689、224085499、226323861、224974345、175175899、228066364、219210923、212787450、212787429、223807935、170981517、225793072、185874606
14,19,12,值得一去。,南迦巴瓦峰、噶丹松赞林寺、大昭寺、巴塘措普沟景区、布达拉宫、普达措国家公园、来古冰川、松赞林景区、纳木措景区、羊卓雍错、雅鲁藏布大峡谷、香格里拉巴拉格宗风景名胜区,193604384、165170783、669521924、169784338、666614110、226462902、217643735、197475972、180516827、778834400、726870145、221945305、166911536、165696841、223462254、223462191、166230804、191996771、182613936
15,18,11,景色非常美,南迦巴瓦峰、巴塘措普沟景区、巴松措、康定木格措景区、木雅圣地景区、珠峰大本营、稻城亚丁、纳木措国家公园、纳木措圣象天门、纳木措景区、鲁朗林海,171950021、801433459、707999286、663650961、634744804、170842901、205002078、199986921、167615690、227716623、781945011、187979156、187979142、187979128、180730878、235523863、779430429、237425882
16,18,11,很好很好很好,噶丹松赞林寺、墨石公园景区、大昭寺、巴松措、布达拉宫、康定木格措景区、普达措国家公园、松赞林景区、纳木措国家公园、蓝色天国羊八井地热旅游区、虎跳峡(香格里拉段),753515547、217774089、168029311、168029310、176051100、219081430、171978211、163339053、230698987、220037889、807698249、783396314、731204188、184005991、171837520、669250485、181508660、178577419
17,17,12,值得一去！,南迦巴瓦峰、噶丹松赞林寺、大昭寺、布达拉宫、康定木格措景区、松赞林景区、石卡雪山、稻城亚丁、纳木措国家公园、纳木措景区、羊卓雍错、虎跳峡(香格里拉段),235334324、200332203、180007492、167514962、227038785、207644991、203404146、235323495、235323453、220022979、181351272、217621209、165040195、165848190、707809474、167181861、789571357
18,16,12,景色不错，有趣好玩，,《文成公主》大型史诗剧、亚丁村、噶丹松赞林寺、大昭寺、布达拉宫、康定木格措景区、普达措国家公园、木雅圣地景区、石卡雪山、纳木措景区、羊卓雍错、雨崩村,166606953、165789268、164305259、164089029、164050161、164037022、165505933、165020111、166326367、166022668、166782680、166140719、166369351、164813893、163610370、166210520
19,15,12,值得去看看,大昭寺、布达拉宫、康定木格措景区、普达措国家公园、松赞林景区、珠峰大本营、白水台、石卡雪山、纳木措景区、羊卓雍错、虎跳峡(香格里拉段)、香格里拉巴拉格宗风景名胜区,748375111、787633001、681660295、222510408、227310581、230843096、631880306、782202576、217624107、182021787、722532917、210427953、715054936、215141277、181938170
20,15,8,体验很好，,《文成公主》大型史诗剧、墨石公园景区、大昭寺、布达拉宫、普达措国家公园、纳木措景区、羊卓雍错、香格里拉巴拉格宗风景名胜区,163914290、164604245、163785710、164100184、164549556、163779607、164835864、164523640、164479198、164452711、164440984、163899129、164697614、164095603、163621402
21,15,8,好好好好好好,《亚丁密码》冒险秀、噶丹松赞林寺、墨石公园景区、巴松措、布达拉宫、珠峰大本营、稻城亚丁、雨崩村,181410094、773540496、745442342、745442188、742846448、228293220、227038148、178824528、225735427、212347514、179350223、202705490、242438015、236043900、211425495
22,14,6,很美值得去,南迦巴瓦峰、来古冰川、珠峰大本营、珠峰景区、纳木措圣象天门、纳木措扎西岛,215643233、215711119、215643303、215643149、215643128、215635071、215843790、215643184、215643114、215635043、215643079、215643093、215643219、215643044
23,14,1,旅行在于体验，真心的觉得不错，如果有时间我会再次来到这片土地，我爱这里，,廓琼岗日冰川,163175944、163175927、163175941、163175940、163175937、163175919、163175925、163175932、163175918、163175923、163175917、163175916、163175930、163175920
24,13,11,好好好好好好好,南迦巴瓦峰、噶丹松赞林寺、墨石公园景区、巴塘措普沟景区、布达拉宫、措木及日、来古冰川、珠峰大本营、珠穆朗玛峰、纳木措景区、香格里拉巴拉格宗风景名胜区,802955539、749080466、213795849、215281263、205102829、179350218、705384100、219572949、230859238、230078017、177609886、180958347、179350225
25,13,8,景色不错，总体超赞，,墨石公园景区、大昭寺、康定木格措景区、明永冰川、普达措国家公园、松赞林景区、羊卓雍错、香格里拉巴拉格宗风景名胜区,165876831、165429754、165600922、166503816、166362018、166448484、166443754、165678116、164963407、166649226、166536886、166443739、166369907
26,13,7,体验很好，值得推荐，,大昭寺、布达拉宫、松赞林景区、石卡雪山、羊卓雍错、虎跳峡(香格里拉段)、香格里拉巴拉格宗风景名胜区,164012638、164516288、164159024、164790498、164697380、164551180、164451242、164828719、164727892、164443848、164354216、164117657、163913567
27,13,8,有趣好玩，景色不错，,《文成公主》大型史诗剧、亚丁村、布达拉宫、松赞林景区、滇金丝猴国家公园、纳木措圣象天门、羊卓雍错、香格里拉巴拉格宗风景名胜区,163574389、163574404、163607430、165290930、166712521、165095491、164645123、166570402、166117623、164881817、163610364、166650058、165552086
28,13,7,景色不错，体验很好，值得推荐，有趣好玩，,大昭寺、普达措国家公园、石卡雪山、稻城亚丁、纳木措景区、羊卓雍错、虎跳峡(香格里拉段),163978732、164439221、164254666、163922168、164424471、164167291、163958401、164363454、164470443、163917309、164691811、164508366、164475821
29,12,7,很值得一去,噶丹松赞林寺、大昭寺、巴松措、普达措国家公园、松赞林景区、珠峰大本营、香格里拉巴拉格宗风景名胜区,181801920、165973925、162186643、218084259、170316600、786229662、184390802、178922532、163886652、679126834、673763966、167012078
30,12,6,有趣好玩，,亚丁村、噶丹松赞林寺、大昭寺、布达拉宫、廓琼岗日冰川、香格里拉巴拉格宗风景名胜区,163990432、166819371、164375221、164165411、166723368、166105179、165962989、165918609、165225489、164675274、166455809、164483377
31,12,7,景色很不错,巴塘措普沟景区、巴松措、普达措国家公园、珠峰景区、纳木措国家公园、虎跳峡(香格里拉段)、雅鲁藏布大峡谷,747268131、224252015、640748977、218189833、175002703、773711492、640749222、241593836、218638008、218190288、825834276、538091821
32,11,11,总体来说还不错，推荐大家来看看,仓姑寺、大昭寺、小昭寺、展佛台、扎什伦布寺、第十世班禅大师灵塔祀殿、羊卓雍错、药王山、西藏拉萨清真大寺、西藏纳木错自然保护区-扎西岛寺、驻藏大臣衙门遗址,169867861、169758829、169810393、169725967、169740246、171357085、171357090、171372105、169758984、169758637、169827013
33,11,9,景色非常好,属都湖、巴松措、布达拉宫、普达措国家公园、松赞林景区、稻城亚丁、纳木措景区、羊卓雍错、香格里拉巴拉格宗风景名胜区,227285024、787486631、165380750、226932441、801505020、177645839、227717477、650148983、218716072、177607465、190741279
34,11,7,很值得去的地方,噶丹松赞林寺、大昭寺、巴松措、松赞林景区、纳木措景区、虎跳峡(香格里拉段)、香格里拉巴拉格宗风景名胜区,181876074、228701586、220490754、204952546、217048623、179105839、787201045、674291920、221081337、213154131、179280385
35,11,8,值得推荐，景色不错，,亚丁村、噶丹松赞林寺、巴松措、布达拉宫、普达措国家公园、松赞林景区、纳木措圣象天门、香格里拉巴拉格宗风景名胜区,164050061、163876097、164824192、164645125、164001109、164727890、164804195、164658977、164813848、164337408、164337407
36,11,9,风景非常好,南迦巴瓦峰、噶丹松赞林寺、墨石公园景区、巴松措、康定木格措景区、普达措国家公园、纳木措景区、虎跳峡(香格里拉段)、雅鲁藏布大峡谷,689698521、223310242、633983925、163906812、708879648、707118112、707118343、707118217、222862473、211308105、218518938
37,11,8,性价比不高,《文成公主》大型史诗剧、墨石公园景区、奇林峡风景区、巴松措、康定木格措景区、普达措国家公园、松赞林景区、雅鲁藏布大峡谷,231889715、204894362、183958083、181852218、761031335、171987136、642007423、217991110、170746818、792506352、164560668
38,11,8,可以可以可以,冈仁波齐、噶丹松赞林寺、布达拉宫、康定木格措景区、普达措国家公园、珠峰景区、纳木措景区、虎跳峡(香格里拉段),697587668、788839017、663554550、746408496、687354823、217484072、207817646、642576649、641454563、641454556、195026812
39,11,11,好。。。。。。。。。。。。。。,卡若拉冰川、当惹雍措、拉萨河、措那湖、珠穆朗玛峰、白居寺、纳木措圣象天门、罗布林卡、羊卓雍错、羌塘国家级自然保护区、色林措,170250081、170273048、169288038、169541484、170284051、169995583、169956966、170221369、172740945、170237986、169978511
40,11,6,景区还是非常不错的，在川藏线上算是很不错的景点了，如果以后还来的话，仍然会选择到这里来看看，如果下次能遇见好天气的话，应该会非常出片。,亚丁村、巴塘措普沟景区、巴松措、木雅圣地景区、来古冰川、纳木措景区,179070689、179070706、179070736、179070740、179070760、179070721、179070709、179070752、179070750、179070708、179070713
41,11,1,👍🏻👍🏻👍🏻👍🏻👍🏻👍🏻👍🏻👍🏻👍🏻👍🏻👍🏻👍🏻👍🏻👍🏻👍🏻👍🏻👍🏻👍🏻👍🏻👍🏻👍🏻👍🏻👍🏻👍🏻👍🏻👍🏻👍🏻👍🏻👍🏻👍🏻👍🏻👍🏻👍🏻👍🏻👍🏻👍🏻👍🏻👍🏻👍🏻👍🏻👍🏻👍🏻👍🏻👍🏻👍🏻👍🏻👍🏻👍🏻👍🏻👍🏻👍🏻👍🏻👍🏻👍🏻👍🏻👍🏻👍🏻👍🏻👍🏻👍🏻👍🏻👍🏻👍🏻👍🏻👍🏻👍🏻👍🏻👍🏻👍🏻👍🏻👍🏻👍🏻👍🏻👍🏻👍🏻👍🏻👍🏻👍🏻👍🏻👍🏻👍🏻👍🏻👍🏻👍🏻👍🏻👍🏻👍🏻👍🏻👍🏻👍🏻👍🏻👍🏻👍🏻👍🏻👍🏻👍🏻👍🏻👍🏻👍🏻👍🏻👍🏻,巴松措,222588570、222588521、217552070、217552049、217552000、217551979、217551965、217551930、217551909、217551846、217551818
42,10,7,很棒的体验,噶丹松赞林寺、巴塘措普沟景区、松赞林景区、珠峰景区、藏域星球天文体验馆、虎跳峡(香格里拉段)、雅鲁藏布大峡谷,233408407、697880730、171720177、167619966、181781070、711614457、650040980、226836534、236857125、222621120
43,10,8,非常好的体验,亚拉雪山风景区、巴塘措普沟景区、巴松措、康定木格措景区、普达措国家公园、珠峰景区、纳木措景区、虎跳峡(香格里拉段),701694848、214898034、196349924、196349896、181165424、236856635、196349959、659614873、215228469、215228448
44,10,8,很不错的体验,南迦巴瓦峰、墨石公园景区、大昭寺、巴松措、布达拉宫、松赞林景区、羊卓雍措(羊湖)国际滑翔伞基地、藏域星球天文体验馆,167479111、181408301、178044911、168180815、220429658、224023248、177514571、202861674、169276790、169276781
45,10,4,很好非常好,墨石公园景区、大昭寺、布达拉宫、康定木格措景区,588683439、218357217、216036115、213961154、165520396、788911488、218356790、218356769、218356720、218356587
46,9,8,体验很好，值得推荐，景色不错，有趣好玩，,南迦巴瓦峰、墨石公园景区、康定木格措景区、普达措国家公园、松赞林景区、独克宗古城、纳木措景区、香格里拉巴拉格宗风景名胜区,164755546、163942241、164206433、163877981、164721239、164394137、164109887、163975353、164541103
47,9,8,景色不错，体验很好，值得推荐，,噶丹松赞林寺、普达措国家公园、松赞林景区、稻城亚丁、纳木措圣象天门、羊卓雍错、雅鲁藏布大峡谷、香格里拉巴拉格宗风景名胜区,164323077、163665115、164722807、163600600、164651286、164811009、164585888、164299315、164561060
48,9,9,景色宜人，趣味恒生，性价比高。,《文成公主》大型史诗剧、八廓街、和平解放纪念碑、曲美辛古抗英纪念碑、珠穆朗玛峰、秀色才纳·雪域花谷、过拉卡日、长江第一湾、飞来寺,169250268、170724547、175239387、171660305、168062458、175945691、168744237、166877551、175048161
49,9,8,【景色】 【趣味】 【性价比】不错,小昭寺、月光广场、牛奶海、独克宗古城、独克宗花巷、秀巴千年古堡群、迪庆藏族自治州博物馆、雨崩村,174601438、169264343、169670047、169670046、169264335、169264331、168713572、169264332、169381815
50,9,5,非常好的景点,噶丹松赞林寺、巴松措、康定木格措景区、纳木措景区、虎跳峡(香格里拉段),784840596、653285753、640539768、225873964、225873880、707109887、640540265、172130730、233267294
51,9,4,性价比高，,大昭寺、拉萨日多温泉山庄、木雅圣地景区、蓝色天国羊八井地热旅游区,165938139、165372252、166307864、166697461、166624384、166549648、165459580、165241952、165064572
52,9,6,因为我不想买一个产品都写一堆好评，所以特地写下这个模板。以前不知道评论可以涨分，现在才知道好评的重要性，每条都来评论一下，赚京豆，下次还能抵现金用，评论80字以上，可以得到40个京豆，我无论买什么东西，都会把这条评论复制粘贴凑够字数，这是第n次在网上买东西了，棒棒棒。东西便宜，而且质量好，物美价廉，买的放心，用的开心，感觉都买上瘾，买买买，根本停不下来，东西品种多，而且又特别全，划算方便，包装很好，而且没有任何损坏，会一直支持下去的，服务还可以，超级好吃，好评，下次再来。,《文成公主》大型史诗剧、奇林峡风景区、巴松措、白水台、纳木措景区、羊卓雍错,181288751、181288781、181288541、181288562、181288717、181288235、181288866、181288829、181288236
53,9,6,体验很好，景色不错，,噶丹松赞林寺、大昭寺、布达拉宫、普达措国家公园、松赞林景区、羊卓雍错,164567408、164560837、164651692、164487762、163897636、163737663、163877902、164582583、164433325
54,9,6,体验很好，景色不错，有趣好玩，值得推荐，,大昭寺、布达拉宫、康定木格措景区、普达措国家公园、纳木措景区、羊卓雍错,163933605、163909560、164633414、163786578、163724009、164731556、163848181、164066556、164524339
55,9,5,风景很漂亮,巴塘措普沟景区、巴松措、康定木格措景区、普达措国家公园、纳木措景区,243644703、232292978、223297103、653928199、218399469、176052871、723807344、221303363、790369154
56,9,8,风景很不错,噶丹松赞林寺、墨石公园景区、巴塘措普沟景区、康定木格措景区、普达措国家公园、珠峰景区、稻城亚丁、纳木措景区,227962645、766193303、644055763、183362453、644890541、195922203、679233759、217290578、643660151
57,9,5,风景很美，值得一去,奇林峡风景区、巴塘措普沟景区、普达措国家公园、白水台、稻城亚丁,821638938、821638777、821638693、821638364、821638056、199006557、234198035、753068415、196629322
58,9,1,有趣好玩，去年我去过，旅行有时候也只是一种心情的释放，好比沉在水底的鱼儿，在雷雨到来之前感觉烦闷，迫切的想要到水面透一口气。远离一个城市，奔赴另外一个城市，无论这个城市给你好与坏的感觉，但有点不变的是，对于未知的风景，我们总抱着憧憬和好奇。,格萨尔王城,165698253、165698252、165698250、165692246、165692236、165692234、165692243、165685535、165685533
59,8,8,景色不错，性价比高，总体超赞，,噶丹松赞林寺、大昭寺、布达拉宫、纳木措国家公园、纳木措景区、羊卓雍错、虎跳峡(香格里拉段)、香格里拉巴拉格宗风景名胜区,166333084、166645094、165021916、164958014、166377978、166281591、166281582、164872716
60,8,7,景色不错，性价比高，,噶丹松赞林寺、大昭寺、巴松措、康定木格措景区、格萨尔王城、纳木措景区、香格里拉巴拉格宗风景名胜区,165495426、164869938、166182897、165622538、165798006、166522315、165929725、165293772
61,8,6,值得推荐，景色不错，体验很好，有趣好玩，,《文成公主》大型史诗剧、康定木格措景区、稻城亚丁、纳木措景区、虎跳峡(香格里拉段)、香格里拉巴拉格宗风景名胜区,164063716、164040103、163865182、163853828、164333258、164498610、164702912、164555972
62,8,7,体验很好，景色不错，值得推荐，有趣好玩，,《文成公主》大型史诗剧、布达拉宫、康定木格措景区、普达措国家公园、纳木措景区、雅鲁藏布大峡谷、香格里拉巴拉格宗风景名胜区,163942233、164126772、164746211、164396851、164262666、163743746、164285958、164741482
63,8,8,【景色】不错 【趣味】不错 【性价比】不错,唐蕃古道、奔波寺(蚌普寺)邦坡寺、当惹雍措、甘孜镇、老虎嘴瀑布、色拉寺、阿里暗夜公园、飞来寺,170719831、174790010、165272603、174541754、177686441、171418426、174268651、170266984
64,8,4,非常棒棒哒,珠峰景区、纳木措圣象天门、纳木措景区、雅鲁藏布大峡谷,242636269、242636213、242485727、242635849、242635751、242636101、242485650、242635919
65,8,6,还是可以的,南迦巴瓦峰、墨石公园景区、巴松措、康定木格措景区、纳木措国家公园、西藏博物馆,219300838、670756612、783103574、235916689、228078572、177700954、164623891、168758262
66,8,6,服务非常好,巴松措、布达拉宫、措木及日、珠峰大本营、珠峰景区、虎跳峡(香格里拉段),790157516、219455762、177274566、178239469、219730071、219565004、196811364、196811203
67,8,7,服务态度很好,大昭寺、巴塘措普沟景区、巴松措、珠峰大本营、纳木措景区、罗布林卡、羊卓雍错,217347593、177582773、242853444、193945165、191389857、217776147、175403773、175403756
68,8,6,很好的体验,冈仁波齐、南迦巴瓦峰、巴松措、布达拉宫、纳木措国家公园、纳木措景区,235126970、177760481、780662506、224550369、717504054、163311974、728662712、228191377
69,8,7,体验很好，景色不错，值得推荐，,噶丹松赞林寺、大昭寺、康定木格措景区、普达措国家公园、石卡雪山、纳木措国家公园、纳木措圣象天门,164172289、164567406、164183733、164027892、164565787、164041308、163777282、164264145
70,8,3,拍照很出片,噶丹松赞林寺、墨石公园景区、松赞林景区,228938424、221517143、215081728、179624169、199379055、193526565、181281570、169978076
71,8,5,非常值得一看,《文成公主》大型史诗剧、噶丹松赞林寺、墨石公园景区、大昭寺、布达拉宫,720504527、680033152、167378018、754076520、754076450、210740783、182562045、669119193
72,7,6,景色不错，有趣好玩，性价比高，总体超赞，,墨石公园景区、康定木格措景区、石卡雪山、纳木措景区、羊卓雍错、鲁朗林海,166872009、165768237、165584717、166074405、166833073、166312246、166369889
73,7,6,非常值得去的地方,南迦巴瓦峰、噶丹松赞林寺、康定木格措景区、松赞林景区、稻城亚丁、雅鲁藏布大峡谷,752948820、804411749、171710958、756304690、689378936、178998450、179447307
74,7,3,值得一看。,噶丹松赞林寺、墨石公园景区、虎跳峡(香格里拉段),642081672、222266101、202793179、202793116、180860816、168825722、787708601
75,7,6,性价比很高,奇林峡风景区、布达拉宫、珠峰景区、纳木措景区、羊卓雍错、虎跳峡(香格里拉段),227709693、169878640、163842649、223931660、180766061、774729761、178074933
76,7,6,不错的体验,《文成公主》大型史诗剧、噶丹松赞林寺、布达拉宫、来古冰川、松赞林景区、虎跳峡(香格里拉段),213127832、227373315、181660949、798954395、717992878、169942637、798956152
77,7,7,【景色】优美 【趣味】超强 【性价比】超高,哈巴雪山、噶丹松赞林寺、普达措国家公园、松赞林景区、独克宗古城-龟山公园、白水台、虎跳峡(香格里拉段),177653508、177527281、177483462、177511312、176123554、177507928、177543604
78,7,7,环境一流，风景绝美，海拔较高，是一生必须去一次的打卡地。,卡若拉冰川、岗巴拉山、扎达布日寺、拉昂错、玛旁雍措、羊卓雍错、色林措,175849148、174435776、174379837、175747379、176191083、174808116、175548347
79,7,5,体验感很好,墨石公园景区、奇林峡风景区、普达措国家公园、来古冰川、羊卓雍错,184569400、183937867、183845719、708756910、673179928、211155995、213702560
80,7,6,值得推荐，体验很好，,《文成公主》大型史诗剧、墨石公园景区、大昭寺、松赞林景区、纳木措圣象天门、羊卓雍错,163533774、164170211、164274410、164840853、164524572、164830959、163947617
81,7,1,很不错的景区，非常值得信赖，公司多次组织来旅游一直都会来这里的，很不错。每次也都会通过携程平台来下单，很方便快捷的特别是名单录入后。,纳木措景区,193615423、193615381、193574795、193574767、193574746、193574732、193574711
82,7,7,值得去的地方,噶丹松赞林寺、布达拉宫、康定木格措景区、普达措国家公园、滇金丝猴国家公园、珠峰景区、稻城亚丁,827148253、171570294、166585692、186366958、175410223、209537980、180949684
83,7,5,景色不错，体验很好，,大昭寺、康定木格措景区、普达措国家公园、梅里雪山国家公园、石卡雪山,163940523、163932951、164433043、163930310、164219928、164645081、164173997
84,7,2,小布达拉宫,噶丹松赞林寺、松赞林景区,207182872、184647513、181187787、174866697、164232292、204552762、166921823
85,7,1,讲解很详细,布达拉宫,223378737、219324393、218869855、215809679、212419852、211937398、166667770
86,7,1,谭导讲解服务非常好,布达拉宫,223200559、222653943、220896082、219843401、219084377、218135779、217493277
87,7,1,景色很美，尤其是天气好的时候 有阳光有云，真是美呆了。如果有无人机，上帝视角会更美。如果四月份来的话，路上桃花也开了，会更超值，还能看到日照金山。,巴松措,207882606、207882452、207882536、207882683、207882494、207882382、207882291
88,7,1,酒店闹中取静，虽在大路边上，但不会嘈杂。房间空间大，洗浴设备不错，有基本的日用洗漱用品提供。服务很好。依依和可乐服务态度优秀，让客人宾至如归，点赞。早餐挺丰富的，水果很新鲜，中西合璧基本满足需求。餐厅环境优雅，吃早饭舒服。会再次选择入住的酒店。各方面条件均不错。,巴松措,181331027、181331048、181331035、181331054、181331025、181331045、181331032
89,7,3,总体超赞，景色不错，,噶丹松赞林寺、墨石公园景区、大昭寺,166921639、166899911、166369325、166252029、166132487、166912138、165144922
90,6,6,地理位置优越，环境优美，值得游览,山南博物馆、日喀则博物馆、班公湖、西藏博物馆、阿里暗夜公园、鲁朗国际旅游小镇,178833598、178958248、174471201、178968684、178881708、178870037
91,6,5,很美的地方,噶丹松赞林寺、巴塘措普沟景区、巴松措、羊卓雍错、香格里拉巴拉格宗风景名胜区,166467884、242515995、190729323、219828855、221309012、798989787
92,6,5,有趣好玩，景色不错，体验很好，值得推荐，,墨石公园景区、大昭寺、巴松措、石卡雪山、香格里拉巴拉格宗风景名胜区,164264160、163760110、163917342、164080345、164010606、164486111
93,6,5,总体还可以,大昭寺、扎什伦布寺、滇金丝猴国家公园、虎跳峡(香格里拉段)、香巴拉时轮坛城文化博览中心,162829283、216586840、204989198、161745160、170225293、166702743
94,6,4,可以去看看,噶丹松赞林寺、康定木格措景区、稻城亚丁、虎跳峡(香格里拉段),215041191、230077044、219676360、217124937、216107816、209110889
95,6,1,的确很值得带孩子去看一次！现场很壮观！真的读万卷书不如行万里路！我们是早上6点半就从古城出发了，错开高峰期，一路畅通无阻！,虎跳峡(香格里拉段),179256769、179256774、179256767、179256784、179256588、179256602
96,6,6,值得推荐，景色不错，有趣好玩，体验很好，,《文成公主》大型史诗剧、墨石公园景区、大昭寺、康定木格措景区、纳木措景区、虎跳峡(香格里拉段),164401741、163867613、164105085、164739708、164156986、163761138
97,6,3,导游非常好,大昭寺、布达拉宫、色拉寺,171023465、222184565、217526723、216547948、171253328、166010410
98,6,6,景色很漂亮,巴塘措普沟景区、巴松措、康定木格措景区、松赞林景区、纳木措景区、羊卓雍错,210769994、788005604、167186500、220915703、647878526、172852130
99,6,5,景色太美了,巴塘措普沟景区、普达措国家公园、稻城亚丁、纳木措景区、羊卓雍错,177552309、185315831、797264007、217634565、231540366、224998887
100,6,5,一般一般一般,墨石公园景区、大昭寺、珠峰景区、纳木措景区、羊卓雍错,173302397、667290317、217610814、167059665、216957021、216957077
101,6,6,景色很好看,噶丹松赞林寺、康定木格措景区、普达措国家公园、纳木措圣象天门、纳木措景区、羊卓雍错,167741174、224236650、222624578、224368726、790105751、772378874
102,6,4,景色不错，值得推荐，体验很好，,康定木格措景区、普达措国家公园、纳木措景区、羊卓雍错,163761160、164450584、163965392、164119658、163992110、164004084
103,6,2,路途比较远和朋友一起开了六七个小时路上限速很多不过风景很漂亮,纳木措景区、羊卓雍错,161246294、161246368、161246367、161247835、161246296、161247542
104,6,6,有趣好玩，景色不错，性价比高，总体超赞，,《文成公主》大型史诗剧、大昭寺、巴松措、康定木格措景区、松赞林景区、纳木措景区,164866499、166491523、165619755、166634030、166756663、164914172
105,6,5,值得推荐，景色不错，体验很好，,噶丹松赞林寺、墨石公园景区、大昭寺、普达措国家公园、纳木措景区,164764680、163845034、164063422、164065365、164566207、163637053
106,6,3,讲解非常好,大昭寺、布达拉宫、松赞林景区,221012618、218273959、216748638、171453791、166697419、166313317
107,6,6,值得一去的,墨石公园景区、大昭寺、巴塘措普沟景区、巴松措、普达措国家公园、松赞林景区,167967100、691885335、205566999、205567034、179511069、680012194
108,6,1,在携程上***了之后，到现场入口处直接刷***入园，非常方便，特别是和其它景区还需要拿订单号去售票处兑票相比，真是非常非常方便了,康定木格措景区,164660362、164660344、164660342、164660360、164660351、164660318
109,6,1,没有想象中好，但来了拉萨还是要看看！建议提早半个月买票划算,布达拉宫,162314095、162314155、162314154、162314134、162314151、162314141
110,6,2,整体还不错,噶丹松赞林寺、巴松措,197632597、197632562、180720831、221745679、218556171、218556129
111,5,5,非常好，值得推荐,属都湖、布达拉宫、措木及日、松赞林景区、香格里拉巴拉格宗风景名胜区,818493950、230720813、178963166、685071661、216107739
112,5,5,不错的地方,巴松措、羊卓雍错、藏域星球天文体验馆、雅鲁藏布大峡谷、香格里拉巴拉格宗风景名胜区,200930011、226629383、178131786、182497554、798985510
113,5,3,方便快捷，直达景区,噶丹松赞林寺、松赞林景区、香格里拉巴拉格宗风景名胜区,173784537、173784550、173784505、173784554、173784527
114,5,3,总体超赞，性价比高，有趣好玩，景色不错，,噶丹松赞林寺、纳木措景区、香格里拉巴拉格宗风景名胜区,165404931、166930559、166910444、166490566、166480757
115,5,4,景色不错，体验很好，有趣好玩，值得推荐，,石卡雪山、纳木措圣象天门、纳木措景区、香格里拉巴拉格宗风景名胜区,164249839、164266189、163953350、163868972、164535299
116,5,1,景点没有想象中震撼，几个点较分散，门票加景区车加漂流、溜索全套下来较贵，显得整体性价比不高，价格能便宜点就更好了。景区开发者故事感人、励志。,香格里拉巴拉格宗风景名胜区,161415298、161414605、161416364、161415516、161415197
117,5,3,很美很漂亮,南迦巴瓦峰、康定木格措景区、雅鲁藏布大峡谷,748532254、691603116、691602878、673505099、217516300
118,5,4,风景很美丽,南迦巴瓦峰、巴松措、羊卓雍错、雅鲁藏布大峡谷,220736846、759417590、633019654、233749545、656895275
119,5,3,景色非常不错,巴塘措普沟景区、巴松措、雅鲁藏布大峡谷,219123227、663401593、243028997、223942153、218069573
120,5,5,省去了景区门口的排队时间，购买后，出票很快，景区门口刷身份证就可以，还是十分方便，儿童成人老人票都可以一键购买，值得推荐，不错的体验,巴松措、康定木格措景区、纳木措景区、羊卓雍错、雅鲁藏布大峡谷,181873456、181873457、181873443、184013803、181873465
121,5,4,景色一般，,康定木格措景区、木雅圣地景区、羊卓雍错、雅鲁藏布大峡谷,166834651、164144622、164068843、164221022、166847347
122,5,4,体验很好，值得推荐，有趣好玩，景色不错，,噶丹松赞林寺、康定木格措景区、虎跳峡(香格里拉段)、雅鲁藏布大峡谷,163933603、164554544、164205514、163889286、164276088
123,5,5,感觉挺好的,《文成公主》大型史诗剧、大昭寺、松赞林景区、羊卓雍错、虎跳峡(香格里拉段),772433698、175395507、221285674、180495302、210461910
124,5,3,服务很好，值得推荐,巴松措、稻城亚丁、虎跳峡(香格里拉段),755477311、755477024、755477885、755477738、178169612
125,5,5,非常不错的景区,噶丹松赞林寺、墨石公园景区、稻城亚丁、纳木措国家公园、虎跳峡(香格里拉段),667667743、172436755、242137057、179378774、166679509
126,5,5,还是不错的,巴松措、独克宗古城、白水台、纳木措景区、虎跳峡(香格里拉段),650684777、212644748、789472797、162225722、217483008
127,5,2,很壮观，值得一去,南迦巴瓦峰、虎跳峡(香格里拉段),238531791、235118892、222602129、218484330、709495830
128,5,5,景色不错。,巴松措、白水台、稻城亚丁、羊卓雍错、虎跳峡(香格里拉段),233046696、164376235、720593133、179426377、769776981
129,5,5,非常不错的地方,奇林峡风景区、巴松措、松赞林景区、珠峰大本营、虎跳峡(香格里拉段),221748920、171026922、167290734、203372310、223619656
130,5,4,非常的不错,巴塘措普沟景区、布达拉宫、松赞林景区、虎跳峡(香格里拉段),218651238、219632526、166488288、784625423、211829248
131,5,5,值得一游！,亚丁村、普达措国家公园、松赞林景区、珠峰景区、羊卓雍错,217955459、223440190、221375134、164230341、193133452
132,5,3,总体超赞，性价比高，,墨石公园景区、大昭寺、羊卓雍错,166464924、166899908、166548800、166281150、166635142
133,5,4,性价比高，总体超赞，,南迦巴瓦峰、大昭寺、布达拉宫、羊卓雍错,165127717、166835588、165138609、164912026、166850968
134,5,5,很不错的景点,噶丹松赞林寺、巴松措、珠峰大本营、稻城亚丁、羊卓雍错,163977986、195870298、214629493、181796576、189315113
135,5,4,景色不错，值得推荐，体验很好，有趣好玩，,布达拉宫、石卡雪山、纳木措景区、羊卓雍错,163953334、163845907、163833808、164277105、164172393
136,5,5,服务态度好,大昭寺、巴松措、珠峰大本营、珠峰景区、纳木措景区,727611228、195976495、204039606、222397351、171198198
137,5,5,非常不错的景点,噶丹松赞林寺、巴塘措普沟景区、巴松措、稻城亚丁、纳木措景区,236044243、678064843、175008878、228352300、749946422
138,5,5,很漂亮的地方,噶丹松赞林寺、巴塘措普沟景区、巴松措、稻城亚丁、纳木措景区,229613203、170473685、178160555、224409564、179930665
139,5,4,风景挺好的,墨石公园景区、奇林峡风景区、康定木格措景区、纳木措景区,229147192、219139523、167039542、175412682、731976617
140,5,5,值得推荐，体验很好，景色不错，有趣好玩，,《文成公主》大型史诗剧、康定木格措景区、松赞林景区、石卡雪山、纳木措景区,163933596、164535311、164031572、163516348、163726073
141,5,4,值得推荐，体验很好，有趣好玩，景色不错，,大昭寺、布达拉宫、康定木格措景区、纳木措景区,163614050、164105101、163657679、164840629、164705576
142,5,5,还可以。。,世界柏树王园林、康定木格措景区、玉龙拉措景区、珠峰景区、纳木措国家公园,181909127、225478310、226174614、212329629、194220762
143,5,5,美丽的风景，别致的建筑，值得打卡！,南山公园、拉萨大桥、拉萨市拉萨河水利风景区、拉萨河、纳木措国家公园,178276980、177883354、178042952、178108774、178126063
144,5,5,风景非常美,南迦巴瓦峰、巴松措、普达措国家公园、稻城亚丁、纳木措国家公园,170652634、229420346、654308600、233749370、241237725
145,5,1,非常好值得来，景色宜人风景秀丽迷人,稻城亚丁,805681766、805681633、805681535、805681409、805681311
146,5,3,大自然的鬼斧神工,墨石公园景区、奇林峡风景区、白水台,226312038、182491009、176252202、175045546、171473188
147,5,5,【景色】美 【趣味】多 【性价比】高,康定木格措景区、新都桥、洛绒牛场、牛奶海、甘孜稻城亚丁景区-仙乃日,170650103、170527879、171444536、171377054、170687821
148,5,3,风景很好看,噶丹松赞林寺、巴松措、珠峰景区,195807767、178327660、227716679、222512977、731124171
149,5,4,非常非常好,南迦巴瓦峰、大昭寺、措木及日、珠峰大本营,742327524、693351135、178194513、215291224、216410874
150,5,1,不一样的体验感，非常非常好 ，珠峰大本营真的真的值得一去太好了 没有高反 空气清新 一次非常不错的旅行,珠峰大本营,213236696、213236668、213236710、213236689、213236682
151,5,5,有空就到这里溜达溜达，是个不错的选择！,布达拉宫-红宫、康定木格措景区、扎什伦布寺、松赞林景区、梅里雪山国家公园,165950495、169353405、166075400、170601614、169430497
152,5,4,风景还不错,南迦巴瓦峰、噶丹松赞林寺、巴松措、松赞林景区,175529354、661290568、219692824、174731613、222391653
153,5,4,总体来说还可以,噶丹松赞林寺、大昭寺、布达拉宫、来古冰川,211252616、177795614、645145845、221632664、170713094
154,5,2,导游讲解很详细,大昭寺、布达拉宫,801533776、762532121、210361866、178767657、178238646
155,5,2,谭导非常好,大昭寺、布达拉宫,221705261、220094204、219843198、219459661、192548903
156,5,1,谭导讲解非常好,布达拉宫,220361310、220211265、219726900、217620964、216927341
157,5,1,还不错的一次出游体验，值得推荐哦,墨石公园景区,229967179、229967130、229966423、229966136、229966122
158,5,2,值得一看！,《文成公主》大型史诗剧、墨石公园景区,229014759、821875762、209602303、166414433、164088804
159,4,4,感觉非常好,噶丹松赞林寺、纳木措国家公园、雅鲁藏布大峡谷、鲁朗林海,178574506、222310635、180204182、693808949
160,4,4,很值得去的一个地方,噶丹松赞林寺、墨石公园景区、纳木措景区、香格里拉巴拉格宗风景名胜区,182524945、240137654、628142089、219046584
161,4,4,风景优美！好似一幅美丽的画卷！,康定木格措景区、松赞林景区、独克宗古城、香格里拉巴拉格宗风景名胜区,167750021、167731263、167720163、165732192
162,4,4,性价比高，有趣好玩，景色不错，总体超赞，,大昭寺、康定木格措景区、纳木措景区、香格里拉巴拉格宗风景名胜区,166499032、166755392、166282107、164909556
163,4,2,不错，值得一去。,松赞林景区、香格里拉巴拉格宗风景名胜区,166213542、166213550、167064529、167064537
164,4,3,风景不错，值得一去,噶丹松赞林寺、康定木格措景区、香格里拉巴拉格宗风景名胜区,165849472、650494517、239926506、227054262
165,4,4,性价比高，景色不错，总体超赞，,大昭寺、纳木措景区、羊卓雍错、香格里拉巴拉格宗风景名胜区,165125587、165789425、166511795、166819164
166,4,4,值得推荐，体验很好，有趣好玩，,《文成公主》大型史诗剧、大昭寺、扎什伦布寺、香格里拉巴拉格宗风景名胜区,164373243、163761820、163912631、164487925
167,4,4,非常值得一游,噶丹松赞林寺、藏域星球天文体验馆、雅鲁藏布大峡谷、香格里拉巴拉格宗风景名胜区,164078622、229246732、167413028、188637534
168,4,3,有趣好玩，值得推荐，体验很好，景色不错，,纳木措景区、羊卓雍错、香格里拉巴拉格宗风景名胜区,164063715、164042752、164562949、164541829
169,4,4,可以还不错,噶丹松赞林寺、墨石公园景区、稻城亚丁、雅鲁藏布大峡谷,774681923、772323945、234027305、181098585
170,4,3,整体感觉还不错,巴松措、松赞林景区、雅鲁藏布大峡谷,690354134、690354001、189295436、690353903
171,4,4,不错不错不错不错不错,卡定沟景区、康定木格措景区、普达措国家公园、雅鲁藏布大峡谷,216520837、219327263、210759319、217982115
172,4,3,非常方便，直接扫码使用,岗云杉林、巴松措、雅鲁藏布大峡谷,208786663、208786544、208786530、208786642
173,4,4,景色还不错,墨石公园景区、康定木格措景区、石卡雪山、雅鲁藏布大峡谷,178154124、164277282、228653251、167913477
174,4,3,看到了日照金山,南迦巴瓦峰、珠峰景区、雅鲁藏布大峡谷,175924345、206342396、193416889、192401581
175,4,3,景区面积不小，景色还是不错的，空气清新舒适,梅里雪山国家公园、纳木措景区、雅鲁藏布大峡谷,166735607、166710483、166684593、166628743
176,4,1,不来一辈子后悔，来了后悔一辈子，景点一：推销祈福铃铛的只有两片断壁残垣，景点二：情比金坚的一个广场，景点三：观景台：雨季就不要想看山了，景点四：走一段泥巴路去看下水边  90的门票我也是醉了开门就是破烂路！颠到你怀疑人生！,雅鲁藏布大峡谷,163702818、163702816、163702809、163702836
177,4,3,真的很不错,尼洋阁藏东南文化博览园、巴松措、西藏非物质文化遗产博物馆,215793705、192447480、192447459、169497801
178,4,4,这个景点交通方便，离地铁站很近，里面有很多好玩的，小孩子很喜欢，希望下次再来里面,拉萨河、西藏博物馆、西藏盐井景区、西藏羊湖荒地星空营地,178490786、178281231、178299391、178946003
179,4,2,非常值得一去的景点,噶丹松赞林寺、虎跳峡(香格里拉段),779844619、779844465、779844871、779844738
180,4,4,还可以还可以,《文成公主》大型史诗剧、南迦巴瓦峰、墨石公园景区、虎跳峡(香格里拉段),775581199、172313916、693327230、194199783
181,4,4,体验非常好,巴松措、布达拉宫、普达措国家公园、虎跳峡(香格里拉段),654465379、654465645、220223725、209093774
182,4,1,好玩，好美，还想去,虎跳峡(香格里拉段),240727719、240727544、240727383、240727187
183,4,2,景色很壮观,噶丹松赞林寺、虎跳峡(香格里拉段),221903032、215973759、215010902、174905467
184,4,3,很壮观，值得一看,噶丹松赞林寺、文成公主剧场、虎跳峡(香格里拉段),216561584、675439346、670470795、172074218
185,4,4,非常满意。,墨石公园景区、布达拉宫、稻城亚丁、藏域星球天文体验馆,183950768、810317026、712548656、798328084
186,4,4,不错@@@@@@@@@@@@@,日崩尼寺、林芝自然博物馆、萨迦寺、萨迦寺颇章萨巴,178341757、178316722、175048313、177748030
187,4,4,总体超赞，有趣好玩，景色不错，性价比高，,墨石公园景区、康定木格措景区、石卡雪山、色拉寺,164909560、166074389、165776603、164959366
188,4,3,非常不错，值得一游。,南迦巴瓦峰、巴松措、羊卓雍错,815847075、815848692、815848174、815849035
189,4,4,非常值得体验！,巴松措、布达拉宫、稻城亚丁、羊卓雍错,784658638、784658806、784655705、784658505
190,4,4,很美，值得去,噶丹松赞林寺、巴松措、稻城亚丁、羊卓雍错,780572759、815875047、216871691、167667670
191,4,3,还不错还不错,亚拉雪山风景区、墨石公园景区、羊卓雍错,677988613、221441837、216246535、216246591
192,4,3,还是很不错的,巴松措、松赞林景区、羊卓雍错,235521651、167905903、203200789、230543489
193,4,4,风景优美！,康定木格措景区、普达措国家公园、稻城亚丁、羊卓雍错,181699787、683755283、220881424、214997910
194,4,4,玩的很开心,大昭寺、松赞林景区、珠峰景区、羊卓雍错,175731493、177668607、178309412、208783275
195,4,4,景色宜人，景色宜人，景色宜人，景色宜人,大昭寺、姊妹湖、巴塘措普沟景区、羊卓雍错,170805007、169709905、170364326、170273659
196,4,4,非常漂亮！,噶丹松赞林寺、墨石公园景区、巴松措、羊卓雍错,165664795、207195535、215212313、218212779
197,4,3,性价比高，景色不错，,噶丹松赞林寺、大昭寺、羊卓雍错,165234552、165856043、165785476、165042768
198,4,4,有趣好玩，体验很好，景色不错，值得推荐，,大昭寺、康定木格措景区、纳木措景区、羊卓雍错,164439225、163958383、164057801、164254674
199,4,3,值得推荐，有趣好玩，景色不错，体验很好，,普达措国家公园、纳木措景区、羊卓雍错,164271559、164266193、164480444、163760102
200,4,4,这里风景真不错，这里风景真不错,上察隅镇、八廓街、大昭寺、罗布林卡,171930032、171852766、171910785、174976899
201,4,3,不错，挺好的,《文成公主》大型史诗剧、噶丹松赞林寺、纳木措景区,774544016、233469965、175449956、794700180
202,4,2,景色很美！,亚丁村、纳木措景区,705314429、231692161、220113384、191951719
203,4,3,风景秀丽宜人,墨石公园景区、巴松措、纳木措景区,688780625、219746801、786196412、770922629
204,4,3,非常不错！,布达拉宫、松赞林景区、纳木措景区,630977187、234438541、174274434、780647225
205,4,4,很值得一游,南迦巴瓦峰、墨石公园景区、巴松措、纳木措景区,222989852、684257687、777639339、222989894
206,4,4,非常好非常好,布达拉宫、措木及日、稻城亚丁、纳木措景区,221066462、777383048、178356367、218994854
207,4,3,非常非常喜欢,巴松措、普达措国家公园、纳木措景区,219416422、208743123、748518100、208743144
208,4,2,太漂亮，空气超级好，只是太阳猛烈，但是真的太美了,巴松措、纳木措景区,216952996、216951631、217144796、216953066
209,4,1,太美了，美得无与伦比，希望下次再来西藏，再来看看美丽的纳木错。太美了，美得无与伦比，希望下次再来西藏，再来看看美丽的纳木错。,纳木措景区,171694466、171694464、171694472、171694443
210,4,4,好。。。。。。。。。。。。。。。。。,八廓街、大昭寺、珠峰大本营、纳木措景区,169502308、169942302、169476852、169517026
211,4,3,有趣好玩，性价比高，,大昭寺、甘露曲秘藏药浴疗(甘露大厦店)、纳木措景区,166900101、166650048、166680304、165064555
212,4,3,非常好用，即买即用，方便快捷。,巴松措、来古冰川、索松村,207163167、207163181、207163153、207163146
213,4,2,很不错，值得去,松赞林景区、稻城亚丁,812961255、763711873、763711719、171486999
214,4,4,风景不错。,噶丹松赞林寺、普达措国家公园、松赞林景区、稻城亚丁,792577164、180022102、768078662、213829260
215,4,3,挺好的挺好的,南迦巴瓦峰、松赞林景区、稻城亚丁,754189220、754189080、179998331、211111643
216,4,4,非常漂亮的地方,墨石公园景区、巴塘措普沟景区、巴松措、稻城亚丁,243301976、184369046、222612958、797341679
217,4,2,怎么会有这么美丽的地方呢？在这里两天一晚仿佛在一个奇妙的梦境傍晚去观景台结果突然下雨，我们也还是淋了一会没有急着回客栈因为太美了！！真的好贪恋这里的景色！！看了一天还是看不够的… 我觉得这个季节去九寨还是蛮好的水量丰富 不晒 不冷。,墨石公园景区、稻城亚丁,229965702、229965856、229965198、229965233
218,4,2,今天来打卡了这个热门景点，整体体验特别棒！从市区过来很方便，坐公交直达景区门口，下车就能看到清晰的导览图，跟着指示走完全不用怕迷路。   核心景观比照片里更让人惊艳，尤其是上午阳光正好的时候，光线洒在景物上，随手拍都是能发朋友圈的大片。景区里的配套也很贴心，沿途每隔一段路就有休息椅，卫生间干净又整洁，还设有母婴室，对带娃家庭特别友好。   唯一小建议是周末游客会多一点，想错峰的话可以选工作日来。如果时间充裕，推荐在景区里的文创店逛逛，有很多设计独特的小纪念品，价格适中，买回去当伴手礼很合适。总之，不管是和朋友结伴还是带家人出游，这里都值得一来！,墨石公园景区、稻城亚丁,224899193、224898885、224898815、224898808
219,4,3,体验不佳，,《文成公主》大型史诗剧、大昭寺、稻城亚丁,164617901、164758653、163847964、164106049
220,4,3,不错，值得推荐,墨石公园景区、康定木格措景区、白水台,692170788、692171131、218633668、177275341
221,4,3,风景美如画,南迦巴瓦峰、巴松措、珠峰景区,222261082、210237805、221651935、216923939
222,4,3,非常值得去！,噶丹松赞林寺、松赞林景区、珠峰景区,183842317、642432253、179166486、669634855
223,4,4,非常好的地方，历史悠久，非常值得看一看！,大昭寺、小昭寺、独克宗古城、珠峰大本营绒布寺,173505609、175590914、171455065、173320584
224,4,4,非常不错。,大昭寺、巴塘措普沟景区、松赞林景区、珠峰大本营,228654917、212618533、745192022、218035315
225,4,4,讲解很到位,小昭寺、布达拉宫、扎什伦布寺、珠峰大本营,218508270、215141207、217621580、177768434
226,4,1,久闻世界之巅 远远不如亲自见一面 经历了108拐  吹过了5200米的风 当我站在世界之巅珠穆朗玛峰脚下 这一刻珠穆朗玛峰再也不是课本里面的珠穆朗玛峰 登高望远 一览众山小,珠峰大本营,213236892、213236885、213236878、213236822
227,4,4,环境一流，风景绝美，海拔较高，空气稀薄，是一生必须去一次的打卡地。,扎什伦布寺、拉昂错、洞错、玛旁雍措,177503159、175916960、178405166、175354063
228,4,1,总体超赞，去年我去过，旅行有时候也只是一种心情的释放，好比沉在水底的鱼儿，在雷雨到来之前感觉烦闷，迫切的想要到水面透一口气。远离一个城市，奔赴另外一个城市，无论这个城市给你好与坏的感觉，但有点不变的是，对于未知的风景，我们总抱着憧憬和好奇。,格萨尔王城,165698241、165692241、165692205、165685561
229,4,3,非常不错啊,噶丹松赞林寺、康定木格措景区、松赞林景区,220435748、227092706、227092671、226760633
230,4,3,不错的景点,亚拉雪山风景区、巴塘措普沟景区、松赞林景区,219739388、167298579、220809821、227680384
231,4,3,挺好的不错,噶丹松赞林寺、巴松措、松赞林景区,170799999、763444193、763443913、202767524
232,4,4,景色很美，值得一去,墨石公园景区、巴松措、康定木格措景区、松赞林景区,166654402、178879077、218527499、164754484
233,4,4,非常不错的体验,噶丹松赞林寺、巴松措、康定木格措景区、松赞林景区,165465625、208869872、163846193、179239033
234,4,3,好玩爱玩常玩,勒通古镇·千户藏寨、墨石公园景区、木雅圣地景区,784500641、784500291、784498121、784500466
235,4,2,风景优美。,巴塘措普沟景区、普达措国家公园,234551416、818413786、818414094、818413912
236,4,2,棒棒的非常棒非常好看非常非常好看不错非常不错非常不错非常好不错非常不错非常不错棒棒的非常棒非常好看非常非常好看不错非常不错非常不错非常好不错非常不错非常不错,噶丹松赞林寺、普达措国家公园,179258619、179258641、179258631、179258607
237,4,3,值得推荐的景点,南迦巴瓦峰、巴松措、康定木格措景区,791994533、216121515、216120500、180238006
238,4,1,车子开到门口，有人指挥停车。门口很多工作人员提醒做好防晒工作。坐光观车上山，说实话景色一般，不如自驾途中风景优美。坐船到达终点有骑马的项目，消费不算贵，不过景点实在体验感很一般。,康定木格措景区,779446074、779445871、779445675、779445178
239,4,3,感觉还不错,卡定沟景区、布达拉宫、康定木格措景区,704092873、227720669、162562816、782626139
240,4,1,来了几次了，这次天气不错，山顶看到了不远处的雪山，吃到了温泉鸡蛋,康定木格措景区,686639612、686639514、686639171、686639346
241,4,1,管理规范。,康定木格措景区,218570647、218570591、218570556、218570521
242,4,2,方便省心，省去排队时间，值得推荐 方便省心，省去排队时间，值得推荐 方便省心，省去排队时间，值得推荐 方便省心，省去排队时间，值得推荐,墨石公园景区、康定木格措景区,173502542、173502529、173502528、173502498
243,4,1,导游非常专业,布达拉宫,779594586、218135457、218135401、179172694
244,4,2,导游讲解很好,大昭寺、布达拉宫,706797232、218841953、217218128、177394855
245,4,2,有待改进，,《文成公主》大型史诗剧、布达拉宫,166469956、166368224、165513442、166151034
246,4,2,阳光明媚，风景这里独好,南迦巴瓦峰、巴松措,217165621、217165558、217165502、217165677
247,4,4,总体来说还是很不错的一家景区。,南伊沟、南迦巴瓦峰、多吉扎寺、巴松措,171492214、171516604、170891873、171235327
248,3,3,非常好！！！,羊卓雍错、雅鲁藏布大峡谷、鲁朗林海,175743622、175743619、175743631
249,3,3,一般，很一般,巴塘措普沟景区、布达拉宫、香格里拉巴拉格宗风景名胜区,662976854、167126248、220893611
250,3,3,值得去一趟,世界柏树王园林、纳木措景区、香格里拉巴拉格宗风景名胜区,573987366、669759833、192493372
251,3,2,环境非常好,巴松措、香格里拉巴拉格宗风景名胜区,221429825、228625965、179880247
252,3,3,可以可以可以可以,噶丹松赞林寺、来古冰川、香格里拉巴拉格宗风景名胜区,174813198、203481503、174716131
253,3,3,风景非常美丽,巴塘措普沟景区、羊卓雍错、香格里拉巴拉格宗风景名胜区,174649983、688221115、215891621
254,3,3,景色不错，有趣好玩，总体超赞，,普达措国家公园、羊卓雍错、香格里拉巴拉格宗风景名胜区,166377274、165343289、164910522
255,3,3,还可以，景色不错,布达拉宫、稻城亚丁、香格里拉巴拉格宗风景名胜区,165924833、721509545、178176735
256,3,3,有趣好玩，体验很好，值得推荐，景色不错，,大昭寺、纳木措景区、香格里拉巴拉格宗风景名胜区,164042739、164562956、163990485
257,3,2,美丽的风景,噶丹松赞林寺、香格里拉巴拉格宗风景名胜区,161861697、167345245、167345243
258,3,3,【景色】景色优美 【趣味】趣味十足 【性价比】价格亲民,岗托村、明永冰川、雨崩下村,175703336、178243631、174490486
259,3,2,环境还不错,噶丹松赞林寺、雅鲁藏布大峡谷,826925499、646883007、642491067
260,3,2,很好。一身应该是去一次的地方。,墨石公园景区、雅鲁藏布大峡谷,823886344、823886071、823886911
261,3,3,景区整体体验超预期，环境优美，空气清新，自然景观与人文底蕴兼具，视野开阔，拍照很出片。景区规划合理，路标清晰，游玩动线顺畅不拥挤，配套设施完善，卫生间干净，休息区充足。工作人员服务热情，态度友好，有问题都能耐心解答。门票价格合理，性价比高，游玩项目丰富，适合全家出行、朋友结伴。整体秩序良好，卫生维护到位，没有过度商业化的嘈杂感。既能放松身心，又能感受独特风光，游玩过程轻松惬意，完全不虚此行，值得推荐给大家，五星好评！,巴松措、纳木措景区、雅鲁藏布大峡谷,746014130、743507528、746013913
262,3,3,很美很好看,南迦巴瓦峰、噶丹松赞林寺、雅鲁藏布大峡谷,744017268、644581407、227628899
263,3,3,👍👍👍,世界柏树王园林、南迦巴瓦峰、雅鲁藏布大峡谷,221991365、212846145、221991344
264,3,3,特别值得去,大昭寺、纳木措景区、雅鲁藏布大峡谷,220955141、220954917、166252837
265,3,3,好！！！！！！,巴松措、普达措国家公园、雅鲁藏布大峡谷,219452745、707357001、219452794
266,3,2,很美值得一去,纳木措圣象天门、雅鲁藏布大峡谷,215634826、216486131、216486201
267,3,3,可玩性低，性价比低，,噶丹松赞林寺、普达措国家公园、雅鲁藏布大峡谷,164948350、164391541、166060171
268,3,1,旅游嘛，就是到处走走看看，川藏线旅游的必打卡点，雅鲁藏布江应该是相对出名的景点，但是百闻不如一见，看了后也就这个样吧！一路的雪山看够了，也就这样吧！240元的门票感觉坑了点。没什么特别之处，就算是到此一游。,雅鲁藏布大峡谷,163443672、163443720、163443693
269,3,3,有时间可以来这里逛一逛，体验一下,山南市桑日县亲猴台、岗托村、阿里暗夜公园,178316067、178835844、178820862
270,3,3,景色宜人，很不错的选择，很喜欢这个地方！,《亚丁密码》冒险秀、直贡梯寺、阿里暗夜公园,174075718、172292472、176210029
271,3,3,景色优美，空气清新，交通便利，旅游的好地方,大脚印奇观、白马雪山、长江第一湾,172385693、163699290、175824621
272,3,3,【景色】好 【趣味】好 【性价比】好,哲蚌寺、药王山、长江第一湾,170471731、172234799、175868895
273,3,3,风景不错的地方了，值得一去的地方了,西藏博物馆、西藏盐井景区、西藏羊湖荒地星空营地,178285471、178320836、178302547
274,3,2,值得，风景绝美，内部进入很方便。白色旅游大巴直达湖边，红色双层大巴绕湖行走时很注意游客体验，遇到风景好的地方行驶很缓慢，让游客好好拍照。,纳木措景区、西藏纳木错自然保护区-扎西岛寺,189299475、189299440、189299853
275,3,3,景色还可以,墨石公园景区、康定木格措景区、虎跳峡(香格里拉段),791101466、218434819、790203758
276,3,3,非常满意！,布达拉宫、普达措国家公园、虎跳峡(香格里拉段),787448600、787448754、220370200
277,3,3,值得推荐！,大昭寺、格萨尔王城、虎跳峡(香格里拉段),783406583、164533764、187342975
278,3,3,很好值得去,噶丹松赞林寺、稻城亚丁、虎跳峡(香格里拉段),735685721、795530828、210357708
279,3,1,满意！！！！！！,虎跳峡(香格里拉段),707356427、638769370、638769265
280,3,3,体验非常好！,噶丹松赞林寺、明永冰川、虎跳峡(香格里拉段),233234107、233234135、233233897
281,3,2,携程预订，方便快捷，还不错，有些优惠,噶丹松赞林寺、虎跳峡(香格里拉段),230182541、230182485、230182520
282,3,3,很好，值得去,扎什伦布寺、羊卓雍错、虎跳峡(香格里拉段),227620534、205510439、174651969
283,3,2,很好看，很震撼,《文成公主》大型史诗剧、虎跳峡(香格里拉段),222505599、218443310、760946908
284,3,1,值回票价，非常不错,虎跳峡(香格里拉段),222494805、222494742、222494714
285,3,1,风景不错，很凉快，适合避暑,虎跳峡(香格里拉段),219827182、219827119、219827154
286,3,2,很好，值得一去,南迦巴瓦峰、虎跳峡(香格里拉段),218726614、218726663、648833613
287,3,2,好好好好好好好好好好好好好好好好好好好好好好好好好好好好好好,属都湖、虎跳峡(香格里拉段),218656943、218656817、180718888
288,3,2,不错不错 值得推荐,白水台、虎跳峡(香格里拉段),218277963、218277935、218277984
289,3,1,真不错，江水湍急，澎湃咆哮，现场看起来还是挺震撼的，最好是找一路走下去，看完再坐电梯上来。,虎跳峡(香格里拉段),209066215、209066208、209066201
290,3,1,服务很差，明明可以开车进去，非制造拥堵，让坐旅游大巴。携程订票记得在坐大巴处换票。切记，开车进就好，就说去中虎跳，停路边换票即可。,虎跳峡(香格里拉段),207922828、207922723、207922996
291,3,3,值得一去的景点,康定木格措景区、稻城亚丁、虎跳峡(香格里拉段),199079455、678272295、221436972
292,3,3,值得推荐，体验很好，景色不错，,石卡雪山、羊卓雍错、虎跳峡(香格里拉段),164264154、164769594、163983029
293,3,1,种类齐全，知识点很丰富，小朋友第二次来了，讲得也非常好，推荐给大家。,藏域星球天文体验馆,171927128、171927166、171927152
294,3,3,不错不错！,墨石公园景区、蓝色天国羊八井地热旅游区、藏域星球天文体验馆,171754855、163371368、191816430
295,3,2,总体超赞，有趣好玩，,大昭寺、藏域星球天文体验馆,166780509、166763975、165553079
296,3,3,风景绝美，海拔较高，空气稀薄，是一生必须去一次的打卡地。,当惹雍措、拉昂错、色林措,173532394、173474724、172898357
297,3,2,非常壮丽，祖国的大好河山,巴松措、羊卓雍错,806750820、806751142、806750974
298,3,2,好好好好好好好好好,珠峰景区、羊卓雍错,724686992、198514765、242666285
299,3,3,不错的选择,布达拉宫、松赞林景区、羊卓雍错,688035475、656981613、218238196
300,3,2,景色秀丽宜人,巴松措、羊卓雍错,228346091、223237246、219746654
301,3,3,好看好看好看,墨石公园景区、松赞林景区、羊卓雍错,191952370、172265233、182087991
302,3,3,环境一流，风景绝美，海拔太高，是一生必须去一次的打卡地。,珠峰大本营、珠穆朗玛峰、羊卓雍错,175537939、174828048、174476601
303,3,3,不错不错不错不错不错不错不错不错不错,塔公寺、大昭寺、羊卓雍错,172009591、166032880、171985779
304,3,3,这个不错挺好的，值得再去体验一次。,八廓街、大昭寺、羊卓雍错,171217146、171217142、171217119
305,3,2,一场美好的旅程,大昭寺、羊卓雍错,167852848、167852854、167852850
306,3,3,性价比高，总体超赞，有趣好玩，景色不错，,大昭寺、康定木格措景区、羊卓雍错,166239997、165405768、165472609
307,3,3,体验很好，有趣好玩，值得推荐，景色不错，,布达拉宫、稻城亚丁、羊卓雍错,164675198、164652880、163528674
308,3,3,可玩性低，,噶丹松赞林寺、纳木措景区、羊卓雍错,163696114、166530884、166739831
309,3,3,环境一流，风景如画，海拔较高，是一生必须去一次的打卡地。,扎达布日寺、洞错、罗布拉康寺,175819214、173458797、174739215
310,3,3,景色非常美丽,巴塘措普沟景区、索松村、纳木措景区,789292323、179706312、236507594
311,3,2,非常好玩！,亚丁村、纳木措景区,781709370、781706150、781707886
312,3,3,非常不错的,布达拉宫、普达措国家公园、纳木措景区,773421496、704594808、177735238
313,3,2,值得去体验一下,墨石公园景区、纳木措景区,653822723、653822401、761415971
314,3,3,十分满意！,南迦巴瓦峰、巴松措、纳木措景区,234608354、234608403、234608571
315,3,3,景色很美，值得一游。,巴松措、普达措国家公园、纳木措景区,224515439、224987603、238489826
316,3,3,很值得去。,巴松措、松赞林景区、纳木措景区,223210296、787420005、223210212
317,3,2,垃圾垃圾垃圾,南迦巴瓦峰、纳木措景区,223091492、223091464、223091436
318,3,3,景色非常好！,巴松措、珠峰大本营、纳木措景区,221851463、787486806、179000519
319,3,3,很美很美很美,噶丹松赞林寺、巴塘措普沟景区、纳木措景区,217756169、643641594、170726027
320,3,3,还可以不错,墨石公园景区、康定木格措景区、纳木措景区,214782100、213979662、181764851
321,3,3,取票方便。,大昭寺、珠峰景区、纳木措景区,214529505、227601613、167756060
322,3,3,好好好好好好好好,墨石公园景区、布达拉宫、纳木措景区,212060752、224802551、188662335
323,3,3,好，很好，非常好,大昭寺、布达拉宫、纳木措景区,211570031、219458520、179557826
324,3,2,还行还行还行还行,《文成公主》大型史诗剧、纳木措景区,191915669、191915403、191915627
325,3,1,非常漂亮，不虚此行,纳木措景区,187479244、187479202、187479111
326,3,3,很不错很不错,小昭寺、布达拉宫、纳木措景区,175015627、216282214、208600442
327,3,1,要不是是知名景点，不然从拉萨驱车3+小时，往返7小时，看这么一个游玩1小时的景点，还真的不值！！而且中间经过5+k的垭口，很容易高反。,纳木措景区,172949827、172949821、172949766
328,3,1,纳木错景区门票，在线上买真的很方便的，直接刷身份证就可以入园，可以提前买不用排队了，有时候支付还有优惠，非常不错哦，点个赞，推荐！,纳木措景区,172622178、172622189、172622177
329,3,2,去景点就要开好几个小时的车，网上订票起码在景点人多限流的时候能优先考虑，而且现在退票的时间也很方便,纳木措国家公园、纳木措景区,171788130、171788104、171788119
330,3,2,我们实名认证的情况下，在携程上购买了四张巴松措的门票。购买后是全价票。到了现场才发现，60周岁以上购票是半价。携程网作为这么大的网络，能做这么低级的错误，真的让人太失望了，而且客服投诉平台也不是很完善。,巴松措、纳木措景区,167045662、167045661、167045658
331,3,3,景色很美。,珠峰景区、稻城亚丁、纳木措景区,167022822、219342124、211192584
332,3,3,体验很好，有趣好玩，景色不错，,墨石公园景区、康定木格措景区、纳木措景区,164469318、163712523、164120830
333,3,3,景色不错，有趣好玩，体验很好，值得推荐，,《文成公主》大型史诗剧、康定木格措景区、纳木措景区,164337413、164119919、164232710
334,3,3,景色很美的,巴塘措普沟景区、巴松措、纳木措景区,163842670、177585891、228144554
335,3,3,非常值得一去的地方,布达拉宫、康定木格措景区、纳木措圣象天门,217944707、232840420、721566721
336,3,3,不错，很方便,噶丹松赞林寺、墨石公园景区、纳木措圣象天门,217443332、753105270、215830581
337,3,2,无良商家天气原因封路竟然不退票，那几百好花吗？给你买纸了,大昭寺、纳木措圣象天门,168016498、168016516、168016476
338,3,3,性价比太低,噶丹松赞林寺、康定木格措景区、纳木措国家公园,225777049、177703466、237850348
339,3,3,值得一看，,文成公主剧场、松赞林景区、纳木措国家公园,171170119、169297346、220607227
340,3,3,！！！！！,布达拉宫、松赞林景区、纳木措国家公园,167116316、181422935、179000986
341,3,3,还可以吧。,墨石公园景区、松赞林景区、纳木措国家公园,165586130、634594507、746803177
342,3,2,感觉很不错,大昭寺、纳木措国家公园,164256293、219274896、219274840
343,3,2,订票方便，刷身份证即可，很开心的一次旅行，赞赞赞赞赞赞赞赞赞赞赞赞，订票方便，刷身份证即可，很开心的一次旅行，赞赞赞赞赞赞赞赞赞赞赞赞赞,巴松措、索松村,187995914、187996089、187995998
344,3,3,不错，值得一去,墨石公园景区、松赞林景区、米堆冰川,166151911、650000765、220160074
345,3,2,好好好好好好好好好好,珠峰景区、稻城亚丁,797742009、797741519、213125298
346,3,2,景色很好！,巴塘措普沟景区、稻城亚丁,776558406、776558665、776558098
347,3,3,特别漂亮的风景,墨石公园景区、康定木格措景区、稻城亚丁,723370208、723370845、723370397
348,3,3,景色非常棒,巴塘措普沟景区、松赞林景区、稻城亚丁,230656525、201279583、223305524
349,3,2,大家千万不要定，携程完全是欺骗，下单后定的酒店根本不是上面写的酒店。看到实际酒店不一致，查了下不咋地，实际酒店价格和携程扣的价格差距非常大，提前三个星期向客服申请退，可是只要订了就别想退，要退就直接强制扣你五千，看你退不退，意思就是不管你用不用，他们五千一定是要赚到的，客服完全一副我们就这规矩强盗的样子。我打电话给酒店，酒店表示提前一两天免费退，但是要在携程申请，酒店一副死猪不怕开水烫的样子。为了避免白白损失五千，用了，最后肠子都悔青了，甚至有那种一天一百多块的民宿，完全无隔音，里面是最垃圾那种。携程的人良心都被*吃了。大家千万千万不要上当，第一次在携程订旅游产品，这辈子做的最后悔的一件事，为了坑钱这些人****，无耻至极。,康定木格措景区、稻城亚丁,179302250、179302312、179302124
350,3,1,景色很美！亚丁风景区不仅有壮丽神圣的雪山，还有辽阔的草甸、五彩斑斓的森林和碧蓝通透的海子，雪域高原最美的一切几乎都汇聚于此，这一切的一切都让人流连忘返。如当地虔诚的藏民一样，徒步转山是感受亚丁风光的最好方式。不过由于亚丁保护区海拔较高，全程徒步还是需要相当的体力。,稻城亚丁,178747323、178747341、178747354
351,3,3,不错不错很好玩下次还会再来的。,拉萨市拉萨河水利风景区、玉树草原、真巴村,175365867、174929078、175213393
352,3,3,非常非常满意,大昭寺、珠峰景区、珠穆朗玛峰,238662530、218107121、221407327
353,3,2,非常非常棒,布达拉宫、珠峰景区,239383397、211817110、210772983
354,3,1,运气爆棚，珠峰封顶露出来了，最近天气一直不太好，云很多，珠峰很难露出真容，今天在酒店看到实时状况，感觉天气还不错，立马坐最近一班车上山，真的看到了，开心😃,珠峰景区,185734732、185734655、185734669
355,3,3,值得一去，,南迦巴瓦峰、巴松措、珠峰景区,184459024、180303901、189822914
356,3,3,很好很不错,噶丹松赞林寺、文成公主剧场、珠峰景区,182563333、225175588、636921272
357,3,3,哈哈哈哈哈,大昭寺、巴松措、珠峰景区,181872752、167346108、178822412
358,3,3,环境优美。,巴松措、康定木格措景区、珠峰大本营,218003073、218224952、171932532
359,3,1,久闻世界之巅 远远不如亲自见一面 经历了108拐 吹过了5200米的风 当我站在世界之巅珠穆朗玛峰脚下 这一刻珠穆朗玛峰再也不是课本里面的珠穆朗玛峰 登高望远 一览众山小,珠峰大本营,213236836、213236843、213236906
360,3,3,就在家门口的标志性建筑物！！！,卡若拉冰川、扎什伦布寺、珠峰大本营,170854369、171211516、171068664
361,3,3,非常值得推荐,巴塘措普沟景区、巴松措、玛旁雍措,728968563、218812091、237059320
362,3,3,👍👍👍👍👍,普达措国家公园、松赞林景区、滇金丝猴国家公园,178290717、172814754、777342812
363,3,1,途经昌都住一晚，听说这里开了一个新城，一早就过来这里看看，想不到这里的风景不错，特别的是这个建筑风格真的很好看，在这里漫步特适合情侣👩‍❤️‍👨去的好地方,格萨尔王城,167878016、167877984、167876434
364,3,2,不错，推荐,普达措国家公园、松赞林景区,778475034、780581810、780490663
365,3,1,整体满意。,松赞林景区,232603036、232602973、232603113
366,3,2,非常壮观的景观，寺庙金碧辉煌，可惜讲解不是适时的，又请不到专业讲解，走马观花看了一遍。,噶丹松赞林寺、松赞林景区,223333797、223333664、223333888
367,3,3,值得一看的,《文成公主》大型史诗剧、大昭寺、松赞林景区,221012576、167351259、166126714
368,3,3,非常方便快捷,南迦巴瓦峰、墨石公园景区、松赞林景区,217722793、178969612、210776637
369,3,2,值得一去的景区,巴塘措普沟景区、松赞林景区,185982847、654297351、167274429
370,3,3,值得一游的景点,巴松措、康定木格措景区、松赞林景区,185754801、164923350、235338258
371,3,2,普达措森林公园应该算是香格里拉附近最大的景区了吧，因为要赶火车，我们只在里面待了两个多小时 游玩了属都湖就没有再去碧塔海。进入景区先乘观光大巴，大巴要盘山蛮长时间才能到第一站属都湖，然后进入3.3公里的徒步，不过基本都是木质栈道，所以走起来比较方便。四月底的香格里拉温度还是比较低，由于阴天没有太阳，前一晚还下过雨导致景区风也很大，草甸还处于微微有点绿的状态，不过里面马牛都是自由吃草的状态。属都湖以及原始森林还是很美，远处能看到一部分雪山🏔️。原始森林里有不少小松鼠🐿️，不怕人，会讨食吃，很可爱。这里海拔有四千多米，如果高反严重还是准备氧气罐吸一吸。属都湖结束乘大巴是先返回景区大门口，如果要去碧塔海再乘大巴过去。如果夏天来普达措应该会更美！,普达措国家公园、松赞林景区,181603343、181603870、181608631
372,3,3,景色挺好的,噶丹松赞林寺、巴塘措普沟景区、松赞林景区,181160916、650699015、172960753
373,3,3,拍照还可以,噶丹松赞林寺、墨石公园景区、松赞林景区,180569580、179260871、172771777
374,3,3,很有特色，值得一去,噶丹松赞林寺、大昭寺、松赞林景区,179802888、165513852、167735883
375,3,3,网上购票很方便,噶丹松赞林寺、巴塘措普沟景区、松赞林景区,178616857、231987554、167679815
376,3,2,。。。。。,噶丹松赞林寺、松赞林景区,175343535、167337923、163464004
377,3,3,值得一游。,墨石公园景区、普达措国家公园、松赞林景区,173503727、824055261、178107466
378,3,2,小布达拉宫！,噶丹松赞林寺、松赞林景区,173014103、178301486、166340156
379,3,3,挺好的，值得一看,世界柏树王园林、噶丹松赞林寺、松赞林景区,172201648、662648288、192899652
380,3,2,很美的地方 淡季人很少 但是风景真的很美 值得一去 留下了深刻记忆 美丽的地方。美丽 美丽的地方 去的时候有点下小雪 很美,普达措国家公园、松赞林景区,168950890、168950862、168950883
381,3,1,几座***寺庙看起来还不错,松赞林景区,166502699、166502703、166502698
382,3,3,景色还可以吧,巴塘措普沟景区、巴松措、来古冰川,206046919、666912128、733973465
383,3,1,还不错，超乎想象。,来古冰川,204097328、204097321、204097286
384,3,3,还可以吧！,墨石公园景区、巴松措、普达措国家公园,761267529、679684713、219414854
385,3,1,景区门口有美食街，可以在那么用餐；景区整体环境都不错，自然生态环境保持的很好，但园区接驳车管理较差，游玩体验被大打折扣，完全没有工作人员维护接驳车排队秩序，有些游客随意插队只能靠守秩序的游客监督，没有官方人员制止，接驳车等待时间也非常长,普达措国家公园,698956917、698956700、698956553
386,3,3,非常不错的体验，强烈推荐！,噶丹松赞林寺、明永冰川、普达措国家公园,232840161、232840322、232840126
387,3,3,非常漂亮，值得一去,巴塘措普沟景区、康定木格措景区、普达措国家公园,213012780、215909695、216409782
388,3,1,可能是我来的季节不对，除了大没什么，真的没什么！,普达措国家公园,180130613、180130605、180130621
389,3,2,值得推荐，有趣好玩，体验很好，景色不错，,大昭寺、普达措国家公园,164677695、163602843、164432084
390,3,1,新都桥镇在国道318川藏线南北岔路口，其风光秀丽，神奇的光线，无垠的草原，弯弯的小溪，金黄的柏杨，连绵起伏的山峦，错落有致的藏寨，星星点点的牛羊吸引了来自全世界的旅游爱好者和摄影爱好者……被称作“光与影的世界”、“摄影家的天堂”。,新都桥,166800418、165904429、164231350
391,3,2,很好，很漂亮,噶丹松赞林寺、措木及日,179231954、178718523、165157896
392,3,3,景点位置非常好找，交通也很方便,大昭寺、布达拉宫、扎达布日寺,170884217、169996436、170045364
393,3,3,这里景色很美趣味性很强性价比很高，,大昭寺、尼洋河、怒江72拐,168012789、166822579、165668089
394,3,3,风景特别好,墨石公园景区、奇林峡风景区、康定木格措景区,233062852、175001048、217621692
395,3,2,风景漂亮值得推荐,墨石公园景区、康定木格措景区,232881762、232881909、232881839
396,3,2,怎么会有这么美丽的地方呢？在这里两天一晚仿佛在一个奇妙的梦境傍晚去观景台结果突然下雨，我们也还是淋了一会没有急着回客栈因为太美了！！真的好贪恋这里的景色！！看了一天还是看不够的…,墨石公园景区、康定木格措景区,230294478、230105576、230105527
397,3,2,体验感不错,八廓街、康定木格措景区,227757643、227757594、171336443
398,3,3,非常nice,巴松措、布达拉宫、康定木格措景区,220510886、244816664、244816237
399,3,3,景色非常漂亮,巴塘措普沟景区、巴松措、康定木格措景区,220278164、181573360、227102100
400,3,2,风景很美好,噶丹松赞林寺、康定木格措景区,219708784、732950751、183885066
401,3,2,非常棒的体验,布达拉宫、康定木格措景区,215342590、768117393、221705765
402,3,3,很值得一去。,冈仁波齐、布达拉宫、康定木格措景区,211948094、179129565、182193474
403,3,1,购买很方便，体验非常棒！,康定木格措景区,211008085、211008064、211008036
404,3,1,药池沸泉到七色海站可徒步可乘车，七色海站可在空中栈道站下车，近距离欣赏松萝，打卡七色海观景台，可向右打卡原始森林，可向左打卡高山草甸，然后在七色海餐厅站上车下行到游客中心。,康定木格措景区,199887878、199887794、199887759
405,3,1,景点卫生条件不错，有山有水，夏天很凉快。设置了好几个网红打卡点，比较有意思，七色海的椰奶和情歌表演节目很不错，赏心悦目，全程用了近5小时。,康定木格措景区,188386906、188386864、188386703
406,3,1,使用携程，方便又省心，省去了排队时间，直接刷身份证进入景区，非常方便，推荐使用 使用携程，方便又省心，省去了排队时间，直接刷身份证进入景区，非常方便，推荐使用,康定木格措景区,171993116、171993071、171993063
407,3,1,上去就一个湖，天气不好，没什么好看的，里面的分景点，比如泡脚的温泉还需要另外收费，有点坑，另外观光车不开空调，夏天比较热！！！！！上去，到湖那比较凉快，可以注意保暖！！！,康定木格措景区,171666578、171666610、171666548
408,3,1,太值得去了，景区设施还是不错的，风景也纯天然，,康定木格措景区,167986107、167986099、167986106
409,3,1,总体来说还是不错的，可能我来的季节不合适吧,康定木格措景区,165745002、165745000、165744984
410,3,2,体验很好，值得推荐，景色不错，,大昭寺、康定木格措景区,164248500、164515413、163870639
411,3,1,非常好的一次旅行，感受非常好，很喜欢，下次还是会继续预定。非常好的一次旅行，感受非常好，很喜欢，下次还是会继续预定。,康定木格措景区,161420632、161420427、161420631
412,3,2,导游很负责任,大昭寺、布达拉宫,806802529、806802270、167784658
413,3,2,导游非常棒,大昭寺、布达拉宫,681091097、218852999、179239147
414,3,1,导游很热情,布达拉宫,224439930、217305012、167164134
415,3,2,很棒很棒很棒,巴松措、布达拉宫,221546067、218381024、220380441
416,3,2,小样导游很好,大昭寺、布达拉宫,220388750、217112428、194864692
417,3,2,导游讲解非常详细,大昭寺、布达拉宫,219727075、216470150、166576891
418,3,2,棒棒棒棒棒,墨石公园景区、布达拉宫,219463336、182687219、752787680
419,3,2,导游讲解的很好,大昭寺、布达拉宫,218596477、209356568、164908324
420,3,1,超赞，好好好,布达拉宫,218043253、218043183、218043029
421,3,1,导游小姐姐讲解非常细致，人很好很贴心，布达拉宫真的值得参观。,布达拉宫,178114902、178114921、178114908
422,3,2,性价比低，体验不佳，,《文成公主》大型史诗剧、布达拉宫,163944912、164469345、164099209
423,3,3,环境优美宜人,南迦巴瓦峰、墨石公园景区、巴松措,227759764、805598809、224247017
424,3,2,很美的景色,噶丹松赞林寺、巴松措,219629271、219629222、178169025
425,3,2,还算是可以吧！西藏林芝比较有名的景点！开车进不去，进去坐区间车确实也比较耽误时间，静下心来，慢慢逛，还是不错的的！我和孩子一起出游的！,南迦巴瓦峰、巴松措,203546085、203546050、203546176
426,3,3,景区很漂亮,墨石公园景区、巴塘措普沟景区、巴松措,199122148、723380876、733614218
427,3,1,值得前往，整体还不错。景色非常非常美。值得一去，推荐大家前往，松茸也非常好吃。景区很大能玩一整天，我去的时候人不多，体验非常的好。,巴松措,197632702、197632723、197632667
428,3,2,很好很强大,大昭寺、巴松措,197586138、675239384、175678224
429,3,1,景色不错。坐观光车有三个点，都需要爬楼梯，最高的观景台一定要去，最美的风景在山顶。我们是自驾，进风景区的路途较长，又有限速，比较辛苦。,巴松措,192881515、192881382、192881641
430,3,1,没什么意思,巴松措,187893007、187893070、187893042
431,3,1,巴松措这个地方实在是太美了。我们住的里面的名宿，老板也很热情 里面湖水倒影的蓝天，最里头还有一个原始森林，骑越野摩托。有机会还得再去一趟,巴松措,181792205、181792206、181792232
432,3,1,真的太美啦,巴松措,176814496、176814493、176813939
433,3,1,风景很好，优美,巴松措,172411309、172411329、172411316
434,3,3,景色不错！,世界柏树王园林、墨石公园景区、巴松措,168090582、826283109、662298183
435,3,3,景色不错，性价比高，有趣好玩，总体超赞，,噶丹松赞林寺、大昭寺、巴松措,164939226、166540194、166333043
436,3,2,天气不适宜飞行的时候，可以先到酒店办理入住了，晚上如果只想在酒店休闲的，五星酒店一般都有自助餐，环境都是临湖的，一边看夕阳，一边吃美食！,大昭寺、巴松措,163210876、163210796、163210786
437,3,3,总体还不错,噶丹松赞林寺、墨石公园景区、巴塘措普沟景区,236857776、170949087、171862496
438,3,1,服务配套差，没有多少景色可以撑起为一个收费这么高的景区。,巴塘措普沟景区,230603766、230603724、230603619
439,3,3,体验感非常好,噶丹松赞林寺、奇林峡风景区、巴塘措普沟景区,226323763、194979114、182747664
440,3,1,可以自驾进入是最大优势，小九寨，还有峡谷湖泊鲜花，超值,巴塘措普沟景区,219066016、219065834、219066380
441,3,3,环境一流，风景独特，海拔较高，是一生必须去一次的打卡地。,卡若拉冰川、古格王国遗址、岗巴拉山,178722070、177606281、177660759
442,3,3,性价比低，,《文成公主》大型史诗剧、噶丹松赞林寺、属都湖,164104391、165109019、164852221
443,3,2,景色还行吧,墨石公园景区、奇林峡风景区,237749387、174971803、221595144
444,3,2,可以可以可以可以可以,冈仁波齐、奇林峡风景区,180928840、180928798、180928816
445,3,1,惊叹于大自然的鬼斧神工，值得一去，从未想过世界上还有如此神奇的景色,奇林峡风景区,175701720、175701675、175701682
446,3,2,好评好评好评,墨石公园景区、大昭寺,202243742、820141932、820141813
447,3,3,不错的一处地点，很有自己的特色风格。,南伊沟、南迦巴瓦峰、大昭寺,178492148、178508734、178674351
448,3,1,很方便很负责,大昭寺,168352685、168352695、168352693
449,3,1,墨石公园地处甘孜道孚八美镇，海拔约3500米，是国内罕见的糜棱岩石林地质奇观 。受鲜水河断裂带地壳运动塑造，岩石会随湿度变换灰蓝、墨黑色彩，如同异域星球 。嶙峋黑石搭配高原草甸，环形栈道适合徒步观景，为川西热门打卡地，被誉为“中国最美景观大道第八美” 。,墨石公园景区,803498067、803497836、803497108
450,3,1,不用出国，在道孚奔赴一场星际漫游。,墨石公园景区,787520924、787520791、787521029
451,3,1,很好用哦。,墨石公园景区,784717319、784716864、784716990
452,3,1,甘孜终身卡可终身免14个核心景区门票，打卡两次基本回本。注意仅免大门票，观光车需自理；适合常游川西，只打算到访一次可以酌情考虑。,墨石公园景区,761065782、761065383、761065005
453,3,1,不错挺独特的风景,墨石公园景区,679212066、679211898、679211751
454,3,1,很好很好的那种,墨石公园景区,220096479、220096451、220093007
455,3,1,比较特殊的景点，景色不错。游玩两个小时 就是路上厕所没有，不方便,墨石公园景区,191361192、191361171、191361143
456,3,1,墨石公园很小，很快就能走完，看还是值得一看的，毕竟这种地质并不常见，仿佛到了异域星球，想跟里面散养的牛拍照，结果差点儿被牛顶了，吓死宝宝了,墨石公园景区,177382448、177382458、177314176
457,3,1,地质公园 很喜欢 能拍出大片,墨石公园景区,164661033、164661017、164661013
458,3,1,景区很好，很壮观,噶丹松赞林寺,180641771、180641780、180641770
459,3,1,一定要去的地方！,噶丹松赞林寺,169233938、169233937、169233934
460,3,1,来了两次香格里拉都去了松赞林寺，风景还是不错的。,噶丹松赞林寺,167285096、167285086、167285092
461,3,2,非常满意的一次旅游体验,冈仁波齐、南迦巴瓦峰,187168794、187168759、187168738
462,3,1,出票很快，冈仁波齐景色非常漂亮，我们徒步54公里完成了转山，非常有意义，景区服务态度很好，设施完善，推荐座观光车少走几公里，很舒服,冈仁波齐,179256846、179256825、179256852
463,3,1,非常好。。。,亚丁村,162394696、162394701、162394713
464,3,1,完美的,《文成公主》大型史诗剧,795114272、795112487、795109904
465,3,1,说说个人感觉，文成公主能令我们更好地了解西域文化，而且这是一个演员阵容庞大的演出，高原的气候已经实属不易，如果有机会来到拉萨，我也挺推荐大家看看！,《文成公主》大型史诗剧,178977618、178977621、178977602
466,2,2,【景色】非常不错的 【趣味】非常不错的 【性价比】非常不错的,福林街、鲁朗林海,176048751、177758588
467,2,2,20220607下午： 1、景区无公交，需开车沿318国道驶达，距色季拉山口26公里。 2、从色季拉山口开不到6公里先到鲁朗景区的第一观景平台，算是鲁朗景区的前哨站。进大门后穿过商业摊位（卖家不是当地人，商品很多是义乌货，有高原反应的话可以买氧气瓶，1L的15元一瓶）后步行几分钟就到平台，面前是一望无际的林海，由于阴天只能看到近处没啥太惊艳的树林，观景长廊两侧有野花和挂着哈达色松树，远处一片阴霾没有传说中的蓝天白云山脉，晴天的美景是啥样只能去网上搜了，半小时便结束。此时南迦巴瓦峰（世界第28高峰，俗称“十次九不遇”的神山：一年90%的时间都被云雾缭绕，只有30多天会云开雾散一睹真容）的云雾散开一些，让我窥见其一角。 3、因为是跟团游，20公里外的鲁朗主风景区（鲁朗镇、鲁朗牧场等）没安排去，只能等待以后二刷了。,鲁朗景区、鲁朗林海,171040365、171040404
468,2,2,南迦巴瓦峰，地处喜马拉雅山脉、念青唐古拉山脉和横断山脉的交会处，是中国西藏自治区林芝市最高的山，海拔7782米，属于喜马拉雅山脉，位于喜马拉雅山脉最东端。,南迦巴瓦峰、鲁朗林海,165577979、166650068
469,2,1,景色:一般 趣味:没有 性价比:太差，自驾景区成人门票110元，每辆车还要加200元道路养护费。,香格里拉巴拉格宗风景名胜区,827387191、827387303
470,2,2,景色不错,松赞林景区、香格里拉巴拉格宗风景名胜区,826320986、214809351
471,2,1,绝对值得！！！,香格里拉巴拉格宗风景名胜区,754330011、754329465
472,2,1,挺好的景点。,香格里拉巴拉格宗风景名胜区,739502772、739502401
473,2,1,"一切都很漂亮但是旅途很混乱,不清楚。在必须乘坐汽车的信息中,每个地方必须乘坐哪个车。为了避免错过山巴拉风景区因此,我们选择询问巴拉格中的工作人员,每个景点都乘车。对于那个观点我们印象深刻下雪了,在雪山里。我想在那儿的时间更长。",香格里拉巴拉格宗风景名胜区,673644777、673644973
474,2,2,值得一去的地方很漂亮,虎跳峡(香格里拉段)、香格里拉巴拉格宗风景名胜区,240775809、240775851
475,2,2,风景还可以,奇林峡风景区、香格里拉巴拉格宗风景名胜区,229808797、179437291
476,2,2,可以，可以，可以,布达拉宫、香格里拉巴拉格宗风景名胜区,226189601、165612961
477,2,2,好地方，下次还会再来的,普达措国家公园、香格里拉巴拉格宗风景名胜区,219027411、219027495
478,2,1,方便兑换。地方好大。有很多检查点。应该去尚巴拉玩雪。还试试这里的拉链&水漂流,香格里拉巴拉格宗风景名胜区,211172445、211172403
479,2,2,该景区整体环境优美，自然风光与人文景观相得益彰，为游客提供了舒适的游览体验。景区内基础设施完善，步道、休息区、卫生间等干净整洁，标识清晰，方便游客出行。工作人员服务态度良好，遇到问题能及时提供帮助，部分区域还设有智能导览设备，提升了游览的便利性。餐饮和购物选择较为丰富，但价格略高，建议游客自备部分零食。节假日人流较大，热门景点可能需要排队，建议错峰出行或提前规划路线。景区在生态保护方面做得不错，环境整洁，无明显垃圾堆积现象。总体而言，这里适合家庭、朋友或独自出游，既能放松身心，又能欣赏美景，是一次愉快的旅行体验，值得推荐。,普达措国家公园、香格里拉巴拉格宗风景名胜区,207590755、207590748
480,2,2,一个字形容你的美，壮观，还是壮观，景点很好，交通便利停车方便人不是太多，拍照也好看，走走停停，二三个小时，慢慢玩，会再来,虎跳峡(香格里拉段)、香格里拉巴拉格宗风景名胜区,181944707、181944696
481,2,2,非常不错，推荐,巴塘措普沟景区、香格里拉巴拉格宗风景名胜区,175782838、224974422
482,2,2,【景色】不错 【趣味】 【性价比】不错,拉姆央措湖、香格里拉巴拉格宗风景名胜区,175547511、175570885
483,2,2,【景色】不错 【趣味】不错 【性价比】,松赞林景区、香格里拉巴拉格宗风景名胜区,174434868、175570883
484,2,2,不错不错哦,巴松措、香格里拉巴拉格宗风景名胜区,173313999、743404670
485,2,1,携程出票很快，出票之后旅行社会电话联系约定第二天的上车点。第二天准时上车，一路上导游介绍景区，非常详细，生动。巴拉格宗天气很好，蓝天白云，非常美！,香格里拉巴拉格宗风景名胜区,172000163、172000194
486,2,1,携程购票，优惠，出票快，推荐。出门旅游习惯性携程定制，安全省心。,香格里拉巴拉格宗风景名胜区,171613412、171613378
487,2,2,风景很漂亮，值得一去,巴松措、香格里拉巴拉格宗风景名胜区,168103469、227186324
488,2,2,不错的景区,稻城亚丁、香格里拉巴拉格宗风景名胜区,167900961、188131385
489,2,1,这个景点源自一个山里孩子的执着，靠着自己的努力，让自己的家乡从此在地球上有了坐标，原汁原味的自然风光非常值得一去。,香格里拉巴拉格宗风景名胜区,167361183、167361176
490,2,2,总体超赞，景色不错，有趣好玩，,石卡雪山、香格里拉巴拉格宗风景名胜区,166919721、165416147
491,2,2,这里的环境优雅，景色优美的一个地方，吃喝拉撒都非常好的一个地方！,松赞林景区、香格里拉巴拉格宗风景名胜区,166834147、168101678
492,2,2,天气晴朗的时候带着家人一起去溜达溜达非常棒的选择,班公错、香格里拉巴拉格宗风景名胜区,166406035、173050136
493,2,2,景色很震撼,普达措国家公园、香格里拉巴拉格宗风景名胜区,166298048、723468544
494,2,1,实在是太好看了，真的值得来去，虽然确实也挺远的，开了好久，推荐！,香格里拉巴拉格宗风景名胜区,165337496、165337486
495,2,1,服务很专业,香格里拉巴拉格宗风景名胜区,164997037、164997050
496,2,1,旅行超出预期。自然景色很漂亮，就是路途离市区较远，有些景点比如漂流排队秩序比较混乱,香格里拉巴拉格宗风景名胜区,164190992、164190990
497,2,2,震撼壮美！,明永冰川、香格里拉巴拉格宗风景名胜区,163970612、163970620
498,2,2,有趣好玩，景色不错，值得推荐，,康定木格措景区、香格里拉巴拉格宗风景名胜区,163747409、164669486
499,2,1,一路都在坐车，太累人了,香格里拉巴拉格宗风景名胜区,163519552、163519550
500,2,1,堪称完美，优雅又不失情调，服务周到，让人无比舒心。给我营造了一种家的感觉，无论大处到小处都是那么无懈可击，价格也很合理。,香格里拉巴拉格宗风景名胜区,163159746、163159790
501,2,2,一切都不错,布达拉宫、香格里拉巴拉格宗风景名胜区,161694731、178116746
502,2,1,美丽的巴拉格宗，翠绿的山峰，清新的空气，壮观的雪山，专业的***导游，到处都是亲切的扎西德勒，感人的斯那定珠先生事迹，历尽艰辛走出与世隔绝的巴拉村，创业成功，变卖家产，负债累累，用了十年的时间，为家乡修路，让世界知道了美丽的巴拉格宗，十分让人钦佩。借用导游的话：人生在世有梦想并能实现梦想就是最快乐的事。,香格里拉巴拉格宗风景名胜区,161443914、161444583
503,2,2,非常值得一去的景点，景色不错。,墨石公园景区、香格里拉巴拉格宗风景名胜区,161114690、170683386
504,2,2,这个地方环境非常好不错下次还来这里,迪庆藏族自治州博物馆、香巴拉时轮坛城文化博览中心,173935089、173952438
505,2,2,高端大气上档次，休闲娱乐好去处,怒江大峡谷、香巴拉时轮坛城文化博览中心,173170205、173301696
506,2,2,好几天都是多云天气，昨晚忧心自己看不到卡瓦博格，现在感觉一切都值得了，据说看到日照金山就能幸运一整年，也祝看到照片的大家都能幸运一整年哟[耶]，再见了，阿尼卡瓦博格。,梅里雪山国家公园、飞来寺,162095630、162095615
507,2,2,不虚此行。,纳木措国家公园、雨崩村,192577183、171707152
508,2,2,雅鲁藏布江是中国最长的高原河流，位于西藏自治区境内，也是世界上海拔最高的大河之一。发源于西藏西南部喜马拉雅山北麓的杰马央宗冰川，上游称为马泉河，由西向东横贯西藏南部，绕过喜马拉雅山脉最东端的南迦巴瓦峰转向南流，经巴昔卡出中国境。水能蕴藏量丰富，在中国仅次于长江。雅鲁藏布江大拐弯处的雅鲁藏布江大峡谷是世界第一大峡谷，获得中国世界纪录协会的世界最深大峡谷、世界最长大峡谷两项世界纪录的认证,雅鲁藏布大峡谷、雅鲁藏布江水葬台,166589953、169285130
509,2,1,风景不错，人文环境和景区人员非常差！ 1、9号车司机穷讲究，孩子拿根烤肠上车，丫口口声声味儿太大，问丫景区有没有规定上观光车不能带不能吃烤肠，丫也就闭嘴了，还停留在十几年前拿捏游客的思想，太烂了！ 2、亲水台下台阶前，左侧一个卖黄瓜的老太太、一个卖特产的小伙子，一个奸诈一个善良！老太太十块钱三根黄瓜本来不贵，但是看到游客付完钱就掉包成老黄瓜实在是太恶心了，一个老年人的人品有一根老黄瓜那么贱吗？ 综上，当地景区人员人品可见一斑！千万别惯着丫们！,雅鲁藏布大峡谷,776829537、776830104
510,2,2,挺好的，风景不错,巴塘措普沟景区、雅鲁藏布大峡谷,766521981、720505325
511,2,2,风景优美，值得一去,巴松措、雅鲁藏布大峡谷,745013508、186721424
512,2,2,景区还可以,巴松措、雅鲁藏布大峡谷,733021689、695552915
513,2,1,这是我们这次，成都去西藏自驾游的途中必不可少的一个景点，景色真是太美了，不虚此行！,雅鲁藏布大峡谷,729869960、729870982
514,2,2,好。。。。,巴松措、雅鲁藏布大峡谷,701980021、702678530
515,2,2,景区非常好。,虎跳峡(香格里拉段)、雅鲁藏布大峡谷,676206959、644467055
516,2,2,很漂亮，推荐,索松村、雅鲁藏布大峡谷,644190261、644190646
517,2,2,携程上购买方便，不错！,南迦巴瓦峰、雅鲁藏布大峡谷,227273705、227273663
518,2,1,这是有生以来去过的管理和服务最差劲的景区 没有之一。携程上留的电话没有人接 买的是南北岸通票 要去北岸 必须在里面住宿 不住宿不让进 淡季堵车一公里 没有人来调解,雅鲁藏布大峡谷,224298579、224298803
519,2,1,环境不错，遗憾的是阴天，没看见南迦巴瓦峰,雅鲁藏布大峡谷,223982816、223982781
520,2,2,非常值得去的景点,巴松措、雅鲁藏布大峡谷,223807207、179273105
521,2,2,非常美丽的风景,纳木措景区、雅鲁藏布大峡谷,222999141、763819393
522,2,1,这个差评是打给景区的门票的，整个景区分为南岸和北岸北岸，就是索松村，如果想进北岸的话，需要交一个人90块钱的押金，而且还需要购买门票押金，如果不住宿就不退，如果这时候你想去南岸的大巴车浏览线路，你想自己开车进去，你的大巴车就直接作废就直接90块钱就不退了整个西藏的景区全部收费比较离谱，非常小的景点多圈起来收钱。如果不是有西藏的文旅补贴，真的非常非常不划算。村里边只有一家超市可以买，其他的都比较贵，这家超市的名字叫云川索松百货生鲜平价超市，吃饭的地方只有超市旁边那一家藏餐餐厅还有一家米林老厨房，最后还有一家兰州拉面可以吃，其他的都比较坑。,雅鲁藏布大峡谷,222878153、222878125
523,2,2,非常美，希望大家都能来，不虚此行。,纳木措景区、雅鲁藏布大峡谷,221720661、221720577
524,2,2,景色很好，值得看看。,巴松措、雅鲁藏布大峡谷,221709930、221709762
525,2,1,壮观！值得一去！,雅鲁藏布大峡谷,220999129、220998905
526,2,2,还不错，值得去,噶丹松赞林寺、雅鲁藏布大峡谷,220700873、202182107
527,2,1,goodgoodgood,雅鲁藏布大峡谷,219555848、219555806
528,2,2,很美的风景,康定木格措景区、雅鲁藏布大峡谷,219629180、206834657
529,2,2,景色优美，值得一来,纳木措圣象天门、雅鲁藏布大峡谷,218618688、221866023
530,2,1,这个景点没有什么特色，价格还不低呢,雅鲁藏布大峡谷,217378708、217378652
531,2,1,去的路上一路美景，雪山越近越美，不能自己开车进景区，要坐景区车进去的，除非你在景区内租了房就可以自己开车进去，不过坐景区车也很舒服方便。,雅鲁藏布大峡谷,212445745、212445815
532,2,1,为了进索松村，不得不买的这个雅鲁藏布大峡谷门票，这个算啥事，霸王条款！差评！ 另外说下，这个景区风评就很差，如果没有索松村这些小村庄估计没人去买这个票,雅鲁藏布大峡谷,178159638、178159654
533,2,1,这个景点最大卖点不是雅鲁藏布江大峡谷，而且南迦巴瓦峰！如果没有南迦巴瓦峰，这个景点简直太无趣，一点大峡谷的壮观都没有，就是一个普通河道拐弯处而已！！,雅鲁藏布大峡谷,172949868、172949900
534,2,1,雅鲁藏布大峡谷是世界上最大、最深的峡谷。据国家测绘局公布的数据：这个大峡谷北起米林县派镇（海拔3000米），经由排龙乡的雅鲁藏布江大拐弯，南到墨脱县巴昔卡村（海拔115米，在藏南地区靠近印度的地方），主体在墨脱县。从墨脱县甘登乡多卡村往上，一直到米林县派镇加拉村，是雅鲁藏布大峡谷无人区。,雅鲁藏布大峡谷,221787749、172643822
535,2,1,太美了，美得无与伦比，希望下次再来西藏，再来看看美丽的雅鲁藏布江大峡谷。太美了，美得无与伦比，希望下次再来西藏，再来看看美丽的雅鲁藏布江大峡谷。,雅鲁藏布大峡谷,171694490、171694479
536,2,1,大峡谷丰水期水位与枯水期相差达15－2l米，而且古代河道的痕迹要比现在高出157米。迄今为止大峡谷中共发现四处河床型瀑布群，分别是藏布巴东一号二号(峡谷中最大的瀑布)、绒扎以及秋古龙都四处。它们主要集中在雅鲁藏布大峡谷马蹄型大拐弯的西段。1998年，由科学家、新闻工作者、登山队员组成的科学探险考察队，历时40多天，穿行近600公里，在深山密林、悬崖陡峭、水流湍急的雅鲁藏布大峡谷区域开展了异常艰辛的科学探险考察活动，获取了大量科学资料，实现了人类首次徒步穿越雅鲁藏布大峡谷的历史壮举。雅鲁藏布大峡谷的发现，被科学界称作是本世纪人类最重要的地理发现之一。科学考察证实，大峡谷地带是世界上生物多样性最丰富的山地，是“植物类型天然博物馆”、“生物资源的基因宝库”。同时，大峡谷处于印度洋板块和亚欧板块俯冲的东北挤角，地质现象多种多样，堪称罕见的“地质博物馆”。1998年10月18日，国务院于正式将大峡谷命名为“雅鲁藏布大峡谷”。2007年，西藏自治区政府将雅鲁藏布大峡谷、布达拉宫、珠峰，并列为西藏旅游三大世界顶级资源。,雅鲁藏布大峡谷,169516589、169516582
537,2,1,大峡谷中生活着青藏高原已知高等植物种类的2/3，已知哺乳动物1/2，已知昆虫的4/5，，以及中国已知大型真菌的3/5，堪称世界之最。这里也拥有中国山地生态系统中从“热带”到“寒带”最完整的垂直植被类型组合。1998年10月18日，国务院于正式将大峡谷命名为“雅鲁藏布大峡谷”。2007年，西藏自治区政府将雅鲁藏布大峡谷、布达拉宫、珠峰，并列为西藏旅游三大世界顶级资源。,雅鲁藏布大峡谷,169457300、169457293
538,2,1,鲁藏布大峡谷几乎保持原生状态，这是西藏自治区积极统筹人与自然和谐发展的结果。大峡谷地处藏东南森林生态保护区，对于这里的一山一水一草一木的保护，都有严格的规定。为了提高群众保护生态的积极性，各级政府大力实施草场、森林补贴，从前的伐木工人成了护林员，林区的每家每户都有护林员，吃上了生态饭。生态的“颜值”越高，吸引的游客就越多，更多的人也吃上了旅游饭。生态补偿，生态岗位，旅游岗位，提供了就业，发展生产与保护生态的矛盾也迎刃而解,雅鲁藏布大峡谷,169257950、169257908
539,2,2,一般，还可以,纳木措国家公园、雅鲁藏布大峡谷,167127832、175513403
540,2,2,南迦巴瓦峰，地处喜马拉雅山脉、念青唐古拉山脉和横断山脉的交会处，是中国西藏自治区林芝市最高的山，海拔7782米，属于喜马拉雅山脉，位于喜马拉雅山脉最东端。 它是西藏最古老的佛教“雍仲本教”的圣地，有“西藏众山之父”之称。同时，紧邻着的雅鲁藏布大峡谷绕着他转了一个马蹄形的弯，随后通向印度洋方向延伸出去。南迦巴瓦峰别称“木卓巴尔山”，其巨大的三角形峰体终年积雪，云雾缭绕，从不轻易露出真面目，所以它也被称为“羞女峰”。,南迦巴瓦峰、雅鲁藏布大峡谷,165585583、167755471
541,2,1,雅鲁藏布大峡谷，常说的就是米林县派镇的大峡谷，也是最靠近南迦巴瓦峰的地方。前往大峡谷的方式多种多样，可以报团可以自驾，一般有两条路沿雅江左右，左边路线会经过雅尼湿地公园、苯日神山、佛掌沙丘。右边路线基本全沿江没太大看头。大峡谷游玩一般是由派镇坐观光车沿江右边行走一段到直白村就算完成任务。我们游览的路线从吞白村-索松村-达林村-直白村-派镇，完成一个圆环路线，这也是目前最好的路线了。大峡谷的辽阔，雅鲁藏布江的悠远，南迦巴瓦的壮丽，共同造就了这绝美的景象！！！,雅鲁藏布大峡谷,163508433、163417075
542,2,2,举世闻名的雅鲁藏布大峡谷终于得以一见，这是小时候学地理时老师讲解时就留给我深刻记忆的地方，无悔无憾，值得一见！,巴松措、雅鲁藏布大峡谷,163472400、163472068
543,2,2,秋季的巴松措，云淡风轻，这里的美景让我如痴如醉，清澈碧绿的湖泊，连绵不断的青山，我们置身于湖中，看着四周的美景，呼吸着新鲜的空气，让我的心慢慢地沉静下来。巴松措美得让我觉得这里不是凡间，而是一处世外仙境。,巴松措、雅鲁藏布大峡谷,163452400、163452461
544,2,2,如果说 西藏 的人文是严谨庄重但是充满人情味的话，那在这片广袤 的大地上，大自然为了弥补氧气缺失带来的艰辛，给予了这些淳朴善良坚韧的人民更多的馈赠，而这些虔诚的人们，也以他们勤劳的双手和无尽的智慧保护着这片圣洁的土地，尽最大可能保留着她原始而本真的样貌。,巴松措、雅鲁藏布大峡谷,163436684、163417471
545,2,2,佛说放下，人生若只如初见。相忘于山间，沉醉于其中，我们这样的匆匆过客，也只是短短一瞬。,巴松措、雅鲁藏布大峡谷,163430330、163417614
546,2,1,三四月当冷空气还在高原肆虐，藏地的一切，都还沉睡在冰雪里，此时的林芝，一股暖流正沿着，雅鲁藏布大峡谷横驱北上，荒了一冬的桃花枝干，开出一片粉红，散发出高原自带的一抹野性，与雪山、峡谷、公路、草甸、林海，互相折射出彼此的美，辽阔中散发出阵阵温柔，苍茫中又透露出几分清秀。,雅鲁藏布大峡谷,217434596、163219778
547,2,2,【景色】满天星空 【趣味】令人遐想,纳木措国家公园、阿里暗夜公园,172014649、172014657
548,2,2,【景色】满天繁星壮观美 【趣味】夜观天象好去处,纳木措国家公园、阿里暗夜公园,171919725、171919754
549,2,1,在理塘有许多寺庙有着超过千年的历史，其中长青春科尔寺，不容错过！ 作为为康区第一大格鲁派(黄教)寺庙，有着“康南佛教圣地”之称的长青春科尔寺历史悠久。 初闻这名字，颇有点青春永驻的寓意，回想起丁真洋溢着青春和阳光的笑脸，感觉这名字更有韵味了！其实它是藏语译音，有妙谛永存的寓意。 寺庙建筑依山而建，院墙由白色佛塔比肩屹立，顺着山势起伏绵延。,长青春科尔寺,176026999、176003807
550,2,1,长江第一湾（长江第一弯、万里长江第一湾）：位于云南省西北部的丽江市石鼓镇与香格里拉县南部沙松碧村之间，海拔1850米，距香格里拉县城130公里，有公路直达。相传三国时期，诸葛亮平定南中后，在此“五月渡泸”。公元1253年，忽必烈又在此“革囊渡江”。,长江第一湾,167847471、167586785
551,2,2,【景色】很好好看 【趣味】很好 【性价比】很好,药王山、那根拉山口,178320003、175804769
552,2,1,我们路过的时候问了下进村费85/人，紧接着说一堆这不能拍那不能去，最终我们放弃。,达木寺骷髅墙,773833418、773833404
553,2,2,不要买门票，不要买门票，不要买门票，重要的事情说三遍！ 原本想和朋友去尼洋河滩栈道徒步，结果步道年久失修，木板破败不堪，走不上几步就回来了，就这值70元门票？怎么想的？ 如果想看湿地，停好车观景台下面拍几张照片就好！,苯日景区、西藏雅尼国家湿地公园,225552566、225552657
554,2,2,值得打卡的地方,噶丹松赞林寺、西藏自然科学博物馆,178966277、175288480
555,2,2,非常不错的旅游景点，值得大家去看看,八廓街、西藏博物馆,172828684、168450042
556,2,2,非常棒的景区,普达措国家公园、虎跳峡(香格里拉段),824694473、633775836
557,2,2,住得特别满意！前台小姐姐服务特别好，办事利落又温柔。停车位置很宽敞，进出方便，还有冷饮和咖啡可以享用，性价比和体验感都在线，设施配套齐全，早餐品种丰盛，环境好，值得推荐。,噶丹松赞林寺、虎跳峡(香格里拉段),807887844、807888467
558,2,2,值得一去看看,墨石公园景区、虎跳峡(香格里拉段),794147376、828188264
559,2,1,⭐⭐⭐⭐⭐香格里拉虎跳峡，国内最震撼的大峡谷之一。玉龙雪山与哈巴雪山两山对峙，金沙江被挤压在狭窄峡谷间，江水翻涌咆哮，轰鸣声震耳，现场的冲击力照片很难完全还原 。上虎跳栈道修得很完善，体力一般也可以游玩，也可以选择扶梯省去爬楼梯的劳累。站在观景台看滚滚金沙江水奔腾而过，真切感受到大自然磅礴的力量。雨季水势更加汹涌壮观，注意江边风大，地面湿滑，务必注意安全，值得专程过来打卡。,虎跳峡(香格里拉段),783133226、781604678
560,2,2,非常好，景色优美。,普达措国家公园、虎跳峡(香格里拉段),778894838、778894033
561,2,2,很好，非常满意。,松赞林景区、虎跳峡(香格里拉段),763659583、241417219
562,2,1,蛮好的 推荐,虎跳峡(香格里拉段),763355825、211946162
563,2,1,总体来说还行,虎跳峡(香格里拉段),744748194、744745387
564,2,2,非常壮观！,噶丹松赞林寺、虎跳峡(香格里拉段),719694193、226328075
565,2,1,有点累。，,虎跳峡(香格里拉段),707605487、707605060
566,2,1,很值得去，很壮观,虎跳峡(香格里拉段),706059271、706058921
567,2,2,好!,松赞林景区、虎跳峡(香格里拉段),701466228、715068061
568,2,2,不错不错哈,松赞林景区、虎跳峡(香格里拉段),683884398、219689751
569,2,2,不是很值得,亚拉雪山风景区、虎跳峡(香格里拉段),680756721、167827307
570,2,1,虎跳峡气势磅礴，金沙江奔腾咆哮，峡谷险峻壮美，涛声震耳，观景视野极佳，尽显自然雄奇。景区步道完善，游览体验舒适。平步青云梯省力省心，垂直提升高、运行平稳，大幅减少爬坡劳累，老人小孩也能轻松游览，省时又舒适。全程观景顺畅，既能感受峡谷震撼，又不用耗费过多体力，性价比高，是香格里拉必游的震撼景点，值得推荐。,虎跳峡(香格里拉段),661028712、661030091
571,2,1,实在走不动的话买单程上行即可,虎跳峡(香格里拉段),651524595、651524539
572,2,1,很不开心的一次体验，这次通过携程订的比较坑，车子很破旧，司机有问题刚开了一会就问需要走近路要每人加5元，大家为了赶时间也都同意了。平台说的两个半小时结果走了三个多小时。到了景区说一个小时就集合，我这孩子大热天的卡点回到集合地，结果司机师傅说说错了应该是一个半小时。后面发过微信了。我们几位卡点回来的在燃热的小空间里等了半个多小时。真的很不值得的一次体验。总结一下来回做了六个小时的破车子只看了一个小时的景观。,虎跳峡(香格里拉段),646376781、646377327
573,2,2,非常便捷方便,普达措国家公园、虎跳峡(香格里拉段),643907860、643908098
574,2,1,挺壮观的。,虎跳峡(香格里拉段),635710496、219677270
575,2,1,。。即買即用。。先買了一張試試，付款完即出二維碼，即過了閘。。之後再買2張給家人。。,虎跳峡(香格里拉段),242555125、242555034
576,2,1,值得去看看，气势宏伟,虎跳峡(香格里拉段),237058508、237058410
577,2,1,值得一去很壮观,虎跳峡(香格里拉段),231599362、231599320
578,2,2,值得去看看。,巴松措、虎跳峡(香格里拉段),230077870、628874779
579,2,2,景区很不错,噶丹松赞林寺、虎跳峡(香格里拉段),229273850、171703828
580,2,2,购买方便，验证快速，免排队，很好,明永冰川、虎跳峡(香格里拉段),228278975、228279710
581,2,1,值得去，很壮观,虎跳峡(香格里拉段),227694097、225898429
582,2,2,就那样吧！,珠峰大本营、虎跳峡(香格里拉段),227399614、229840164
583,2,1,景色可以，就是太堵了,虎跳峡(香格里拉段),227045302、227045225
584,2,1,太震撼了！金沙江如同咆哮的巨龙，在玉龙与哈巴雪山之间奔腾撞击，发出震耳欲聋的轰鸣。激流拍岸激起千层浪，水雾扑面带来沁凉。徒步悬崖栈道，脚下是万丈深渊，对面雪山触手可及——这是力量与美的极致碰撞！不愧为世界级徒步圣地，每一帧都是大自然狂野的纪录片，此生必来感受的磅礴气魄！,虎跳峡(香格里拉段),226833552、226832425
585,2,2,玩的特别开心,松赞林景区、虎跳峡(香格里拉段),226849855、226849799
586,2,1,超级壮观，绝对值得一来,虎跳峡(香格里拉段),226425130、226425060
587,2,1,非常的壮观，值得一去,虎跳峡(香格里拉段),224152720、216551756
588,2,1,很震撼！票价45元不贵！但是扶梯下行20上行50，说实话，不值这个价！甚至给人感觉有点“奸商”！,虎跳峡(香格里拉段),222150594、222150629
589,2,2,提前团购的券，非常划算，周边吃喝玩乐的地方也很多，非常便捷,奇林峡风景区、虎跳峡(香格里拉段),220545158、175683295
590,2,1,壮观，可以一看,虎跳峡(香格里拉段),220222192、220222115
591,2,1,一般，没啥看头,虎跳峡(香格里拉段),220300193、220300102
592,2,1,人很多，水很大，气势磅礴 ，要穿雨鞋,虎跳峡(香格里拉段),219174880、219174537
593,2,1,陪同老人，值得一游,虎跳峡(香格里拉段),219213506、219213289
594,2,1,很棒的景点,虎跳峡(香格里拉段),218005138、218005068
595,2,2,方便快捷，服务周到,南迦巴瓦峰、虎跳峡(香格里拉段),217777232、203572657
596,2,1,7月份去的，恰好是雨季，非常的震撼,虎跳峡(香格里拉段),217025719、217025628
597,2,1,好地方，值得去,虎跳峡(香格里拉段),214958031、214608717
598,2,2,挺好的 不错,纳木措景区、虎跳峡(香格里拉段),214836812、470214123
599,2,1,虎跳峡，作为万里长江第一大峡谷，以其雄奇险峻的自然景观和深厚的文化底蕴，成为云南乃至中国的一张壮丽名片。峡谷垂直高差达3900米，金沙江在此被玉龙、哈巴两座雪山挤压，形成最窄处仅30米的激流险滩，江心虎跳石的传说更添神秘色彩。雨季时，江水奔腾咆哮，浪涛如千军万马，震撼人心。   虎跳峡不仅是自然奇观，更是徒步爱好者的天堂。其高路徒步线被誉为“世界十大经典徒步路线之一”，沿途可领略雪山、峡谷、激流的多重壮美。,虎跳峡(香格里拉段),214477600、214477544
600,2,1,非常值得去，景色壮观,虎跳峡(香格里拉段),214311770、214311742
601,2,1,很值得去的一个景区，坐手扶电梯完全不费力，游玩体验更强，停车也很方便，值得二刷,虎跳峡(香格里拉段),213034690、213034662
602,2,1,上面还是平静的河水，顺流而下与岩石碰撞，激荡起伏，很好看，就算抛去那些传说故事，也是个很好看的景色。与壶口瀑布有异曲同工之妙，长江与黄河。,虎跳峡(香格里拉段),210933122、210935796
603,2,2,风景很美，值得一游,稻城亚丁、虎跳峡(香格里拉段),210331024、167307659
604,2,2,值得一去，很壮观,噶丹松赞林寺、虎跳峡(香格里拉段),204385623、218923783
605,2,1,气势磅礴，但景区很小特意前往觉得不值得。,虎跳峡(香格里拉段),202729976、202729997
606,2,1,45元的门票性价比太低了，停车额外需要支付5元停车费，我建议学习下大上海看黄浦江是免费的但是每年却会带来2000多万的游客，门票经济不会长远，做电梯来回70元，单程至少35元（上的话65元），收费10元来会比较合理,虎跳峡(香格里拉段),201328576、201328604
607,2,2,很棒的地方,南迦巴瓦峰、虎跳峡(香格里拉段),200406635、199418038
608,2,1,不是很方便，不能直接扫码,虎跳峡(香格里拉段),199688028、199677927
609,2,1,感觉还是很棒的，确实很震撼，虽然是个历史悠久的景点了，但是人还是特别特别多，早晨8点多出发，堵车就堵了1个多小时，如果能在附近建设一个酒店就更好了,虎跳峡(香格里拉段),197577374、197577318
610,2,1,携程的门票预订服务真是太方便了！操作简单快捷，价格透明，而且经常有优惠。景区取票也顺畅，无需排队，节省了不少时间。整体体验非常棒，下次旅行还会继续选择携程预订门票。,虎跳峡(香格里拉段),196943265、196943286
611,2,2,真 彩云之南,白水台、虎跳峡(香格里拉段),193135909、193135853
612,2,1,百闻不如一见，虎跳峡气势磅礴，金沙江汹涌澎湃，来吧，感受大自然的鬼斧神工，来吧，亲见祖国大好山河的壮美雄奇！,虎跳峡(香格里拉段),190646415、190646891
613,2,2,壮观，值得一去,松赞林景区、虎跳峡(香格里拉段),188569781、167411794
614,2,1,据说上下一千多级台阶，大热的天，高原之上，如果爬上爬下，真不知吃得消不？网上订票上下￥70（显示优惠￥30），其实现场工作人员说现场买也是￥70，还方便。好在不用取票，刷二维码就行。,虎跳峡(香格里拉段),188256391、188256300
615,2,1,下雨天去的，水流很大，看着很壮观，带老年人去的坐的电梯也很方便，不需要爬太多，对年纪大，不想爬山的人挺友好的，去香格里拉值得过来打卡。,虎跳峡(香格里拉段),182154526、182154491
616,2,1,人不算太多，不用排长队的感觉太爽了，体验感一级棒,虎跳峡(香格里拉段),181939071、181939056
617,2,1,虎跳峡景区到了近处才能感受到江水咆哮的威力，两山中间夹的河流到了景区最佳位置领略了大自然的神奇。走栈道下行边走边欣赏。回来不走栈道坐上行电梯。好评。,虎跳峡(香格里拉段),181353038、181353119
618,2,2,非常值得一看，就是票价略贵了,噶丹松赞林寺、虎跳峡(香格里拉段),181014438、181014437
619,2,1,从玉龙雪山下来驱车前往虎跳峡，一路风景壮美，到达虎跳峡景区后给人的震撼更是不言而喻。携程上购票的确方便，刷身份证即可入园。,虎跳峡(香格里拉段),179608603、179608598
620,2,1,购买了电梯全票，奔着听讲解去的，问讲解员，说刚好有一批下去了，叫我们赶上，结果下去了，根本就没找到讲解，不知道讲解已经下去多久了。问了两次工作人员要讲解，都全程没有体验到讲解服务，拍照说免费就，没有半个手掌那么大，然后拿出正常大小的照片说20元一张。,虎跳峡(香格里拉段),179520469、179520439
621,2,2,风景不错，值得来,奇林峡风景区、虎跳峡(香格里拉段),179262851、176073420
622,2,1,非常不错的一次旅游体验，下次有机会还来，肯定会推荐其他亲朋好友。,虎跳峡(香格里拉段),179237451、179237439
623,2,1,人生必去的景点，手机拍不出的雄伟壮阔，我妈说还可以去看第二次！一定要买电梯票。体力好的随意。,虎跳峡(香格里拉段),178943412、178943431
624,2,1,虎跳峡的景色非常壮观，上游平静的江水到了这里，突然变得气势磅礴起来，水花飞溅，声势浩荡，非常震撼，离丽江和香格里拉都不太远，值得游玩。,虎跳峡(香格里拉段),173852768、173852850
625,2,1,虎跳峡是金沙江（长江）上的第一大峡谷，更是全球著名的大峡谷，虎跳峡位于香格里拉东南部，距香格里拉市区105公里，距长江第一湾35公里，距离丽江88公里，分为上虎跳、中虎跳、下虎跳3段，是香格里拉虎跳峡经营有限公司的主要运营旅游线路之一。,虎跳峡(香格里拉段),173175291、163114477
626,2,2,好(▼皿▼#)好(▼皿▼#)好(▼皿▼#)好(▼皿▼#),白马雪山、虎跳峡(香格里拉段),170910684、170830074
627,2,1,虎跳峡，分为上虎跳，中虎跳和下虎跳，上虎跳的卖点就是那块虎跳石，一般游客都是去上虎跳的。上虎跳是需要买门票的，实际上这张门票包括了整个虎跳峡，但目前开发成熟的景区只有上虎跳，所以买了门票就是为上虎跳检票。中虎跳目前被分段承包经营，走每一段都需要过路费，20元一段，上虎跳的门票在中虎跳是没有用的。我走了一段，从张老师客栈下去的，付了20元，路就是以前的土路，因为收了过路费，张老师客栈一直在做维护，但路况还是很险峻的，走在路上，一边是绝壁山体，一边就是金沙江，路不宽，最多勉强走两个人，靠金沙江的外侧没有栏杆，有些路段很陡峭，行走必须小心，建议有恐高症的人就别走了。一路往下，大概走40分钟就可以走到谷底，金沙江江边，站在江边的巨石上，看着金沙江从身边奔腾而过，还是很有一番滋味的。,虎跳峡(香格里拉段),164096665、164096702
628,2,1,虎跳峡位于香格里拉东南部虎跳峡镇境内，距离丽江88公里，分为上虎跳、中虎跳、下虎跳三段。  发源自青海格拉丹东雪山的金沙江迢迢千里奔波到此，突遇玉龙、哈巴两座雪山的阻挡，原本平静祥和的江水顿时变得怒不可遏。虎跳峡是万里长江第一大峡谷，横穿与哈巴和玉龙雪山之间因猛虎跃江心石过江的传说而得名。,虎跳峡(香格里拉段),162789230、162784813
629,2,1,内容丰富，值得推荐,藏域星球天文体验馆,180791339、180790676
630,2,1,4层楼，有专人讲解，很经典,藏域星球天文体验馆,171905371、171905349
631,2,2,非常好，还会来,巴松措、藏域星球天文体验馆,171852362、203549235
632,2,2,娃娃很喜欢,康定木格措景区、藏域星球天文体验馆,171627241、635136510
633,2,1,小朋友听讲解很认真,藏域星球天文体验馆,171573219、171573220
634,2,1,很值得来打卡,藏域星球天文体验馆,167338809、167338788
635,2,2,下次还要去,南迦巴瓦峰、蓝色天国羊八井地热旅游区,181022900、215535881
636,2,1,雪域敦煌、第二敦煌，萨迦寺，是此次进藏最重要的一站。一日游服务很棒，藏族司机开车很稳，态度也非常谦逊。景点虽不大，但见识了世界最大的经书墙、摸了铁环经书、聆听了释迦摩尼的白海螺吹号声、拜祭了萨迦班智达和八思巴的塑像、观赏了元代壁画真迹，为我心里那段《凉州会盟》的历史画下了圆满的句号。感谢！,萨迦寺,718870615、718871238
637,2,2,【景色】很好好看好美 【趣味】很好 【性价比】很好,纳木措景区、药王山,178977783、178136785
638,2,1,药王山位于色达县和佛学院之间的甲修村，驱车从色达县的金马大道出发，大概行驶30分钟左右就到了。相传，这座山是金刚萨duo之化身，代替众生虔诚祈祷，可以护持世间事业成就。更重要的是，据说此山有神奇的治病功效。这里种着很多我们叫不上名字但都可以入藏药的花朵。所以，即使疫情期间，来这里朝拜的普通游客、牧民、居士，依旧骆驿不绝,药王山,171410775、171410759
639,2,2,beautiful place,岗巴拉山、药王山,169811843、169702612
640,2,2,******,大昭寺、苯日景区,170452958、166698862
641,2,2,“千回百转始初见，疑似仙境在人间。”巴松错是藏传佛教中的神湖，位于距林芝地区工布江达县50多公里的巴河上游的高峡深谷里。据导游介绍，其结巴村内的观景亭，是观赏巴松错湖和周围两座雪山――“国王宝座”和“燃烧的火焰”的绝佳位置。当太阳缓缓升起，为雪山勾勒出一道金边的时候，那般美景让我们不由得屏住了呼吸。“国王宝座”更显威严，“燃烧的火焰”更是气势不凡。,巴松措、苯日景区,163398487、163403914
642,2,2,环境一流，风景绝美，空气稀薄，是一生必须去一次的打卡地。,珠峰大本营、色林措,178510223、175416523
643,2,2,风景绝美，海拔较高，空气稀薄，一生必须去一次的打卡地。,拉昂错、色林措,171985475、171922099
644,2,2,导游很专业，讲解超棒！,哲蚌寺、色拉寺,170628413、170628391
645,2,2,在太阳落山前赶到了色季拉山观景台 海拔有4720了 下了车感觉脚下有点儿飘 比看到日落更更幸运的是 我们看到了南迦巴瓦峰的主峰 山峰在云层之上 看起来就像海市蜃楼一样 一瞬间激动的心情无以言表 南迦巴瓦峰是此行中我最最期待的景色之一 它是中国最美山峰之一 整座山如同平躺的少女一般 因为一年有200多天都藏在云中 所以也叫羞女峰 我们特别幸运能够见到 而在拍照5分钟后 山峰又完全被云遮住看不到了 就这匆匆一面 我跟我爸得瑟了半个月 太美了！太幸运了！！！感觉后来见到的其他山峰都黯然失色,南迦巴瓦峰、色季拉山,160609743、160610831
646,2,1,游走滇藏，来到色季拉森林公园，犹如闯入仙境一般，9月的林芝，秋色悄悄来临，山上的植被色彩都变得丰富起来，真的好美，让人的心都平静下来了。,色季拉国家森林公园,161076595、161076313
647,2,2,景色非常优美,巴塘措普沟景区、羊卓雍错,786092322、697724224
648,2,1,值得推荐，景区太美了，上午下午看到的湖水都不一样，时间充足可以体验,羊卓雍错,784863367、784863269
649,2,1,网上买可以省去现场买下车省时，羊卓雍错有好几个观景平台，时间充足可以都去看看，关键要天气好，这样能出大片。从拉萨过去半山腰有好几个平台，可以和藏獒拍照。,羊卓雍错,755659486、755658947
650,2,2,各方面都很好,墨石公园景区、羊卓雍错,644383762、788578505
651,2,1,还不错 运气不错 刚开始雾气大 挺漂亮的,羊卓雍错,224813009、224812834
652,2,2,景色很好。,稻城亚丁、羊卓雍错,219141749、751150919
653,2,2,景色特别美,稻城亚丁、羊卓雍错,218189875、176077216
654,2,2,非常非常非常好,珠峰景区、羊卓雍错,216916813、191397508
655,2,2,风景很好。,康定木格措景区、羊卓雍错,213820090、827013090
656,2,2,哈哈非常喜欢,巴松措、羊卓雍错,213776557、213522779
657,2,2,非常非常美,普达措国家公园、羊卓雍错,208743081、743213017
658,2,2,还行。。。,奇林峡风景区、羊卓雍错,181909012、174989329
659,2,1,该产品“门票+大巴”没有标注不可自行到景区，必须得跟车才能取票，容易误导消费者“门票+大巴”是可以分开用的。我是自驾的，在携程上也没有单独“门票”，以为这个产品可以光用门票，到景区了说换不了，只好退票。退票还不能全款退，按50%退的。总之问题出在产品标题没标注清楚，差评。,羊卓雍错,181509750、181509740
660,2,2,购票与入园环节方便便捷。实际情况与商家描述相符。风景非常不错！,纳木措景区、羊卓雍错,179369924、179369907
661,2,2,美不胜收！,纳木措景区、羊卓雍错,177661178、167975091
662,2,2,自驾去的，道路很好走，景色很美。,巴松措、羊卓雍错,177585854、177585857
663,2,2,景色挺美的,纳木措景区、羊卓雍错,176807035、176806397
664,2,2,下次还会再来,玉龙拉措景区、羊卓雍错,175924418、689000537
665,2,2,预约很方便,南迦巴瓦峰、羊卓雍错,175901874、175901866
666,2,2,好玩的不得了,纳木措国家公园、羊卓雍错,175828636、173118292
667,2,1,西藏的三大圣湖之一，到西藏必到景点，建议找一个晴朗的好天气，蓝色的湖水，蓝色的天空，让人看着心情就那么舒畅，而且公司比较负责，朱师傅（二师兄，车号5707）也很棒，幽默、风趣、细心，很敬业！,羊卓雍错,175068422、175068428
668,2,2,。。。。。。。,康定木格措景区、羊卓雍错,174762236、175769806
669,2,2,还挺不错的,珠峰景区、羊卓雍错,174696127、181684622
670,2,2,非常好的地方，风景非常美，非常值得看一看！,亚丁村、羊卓雍错,173972781、175560650
671,2,2,😀😀😀😀😀,松赞林景区、羊卓雍错,173409789、234307823
672,2,2,景色优美！,墨石公园景区、羊卓雍错,168969128、180834389
673,2,2,interesting place,牛奶海、羊卓雍错,168765795、169279252
674,2,1,翻过岗巴拉山口，看到羊湖那一瞬间，高反算什么？晕车算个啥？羊湖美的让人窒息！羊卓雍错的湖水在苍茫的高原的映衬下，显得纯净碧蓝，一尘不染，有一种惊艳的震撼！西藏没有海，却收藏了世界上所有的蓝！,羊卓雍错,167897916、167897961
675,2,2,【景色】美到窒息 【趣味】有趣 【性价比】高,巴松措、羊卓雍错,167859867、167859969
676,2,2,去的时候天气不好,纳木措国家公园、羊卓雍错,167252726、174683985
677,2,2,美美美美美美美美美美美美美美美,康定木格措景区、羊卓雍错,167051184、232819686
678,2,2,可以去去看看,纳木措国家公园、羊卓雍错,166240321、166240313
679,2,2,景色不错，性价比高，有趣好玩，,噶丹松赞林寺、羊卓雍错,165893439、165048449
680,2,1,导游格桑，服务非常好性价比高，,羊卓雍错,165490714、165490695
681,2,2,还不错，挺好的,噶丹松赞林寺、羊卓雍错,165049715、171378411
682,2,2,有趣好玩，值得推荐，,亚丁村、羊卓雍错,164562954、164813892
683,2,2,体验不佳，性价比低，可玩性低，,木雅圣地景区、羊卓雍错,164216325、164202222
684,2,2,景色不错，值得推荐，有趣好玩，体验很好，,普达措国家公园、羊卓雍错,164118944、164075768
685,2,2,景色一般，可玩性低，,石卡雪山、羊卓雍错,163626338、164036111
686,2,2,体验很好，景色不错，有趣好玩，,米堆冰川、羊卓雍错,163507487、164155970
687,2,2,不错不错很好玩。。。。。。。。。,布达拉宫广场、罗布林卡,172700231、172028805
688,2,2,不如找个人工导游更有交流的感觉。,大昭寺、罗布林卡,161517693、161517595
689,2,2,讲解的很好。到一个地方一按手机就自动讲解了，使用起来的确很方便。,哲蚌寺、罗布林卡,161077219、161079063
690,2,2,纳木错不愧是圣湖，湖水颜色蓝得像地中海，倒映着念青唐古拉，虽然路途遥远，但还是值得一去，景色好，路上的风景更好！,纳木措圣象天门、纳木措景区,803568935、803569705
691,2,2,环境优美！,普达措国家公园、纳木措景区,789570580、663673690
692,2,1,纳木措非常漂亮,纳木措景区,777534864、728602288
693,2,2,非常好很好,普达措国家公园、纳木措景区,743487991、674826370
694,2,2,风景太美了,康定木格措景区、纳木措景区,735938288、802990133
695,2,2,不错，值得去,噶丹松赞林寺、纳木措景区,720658933、178192181
696,2,2,感觉还一般般,珠峰景区、纳木措景区,719061141、719061428
697,2,2,风景好漂亮,康定木格措景区、纳木措景区,677861290、205633982
698,2,2,服务态度很差,大昭寺、纳木措景区,662532172、231139070
699,2,2,景区非常美,巴塘措普沟景区、纳木措景区,660934527、645087913
700,2,2,不错挺好的,松赞林景区、纳木措景区,653108135、173562798
701,2,2,景色超级漂亮,康定木格措景区、纳木措景区,646863393、218847189
702,2,1,风景不错(#^.^#)👍🏻,纳木措景区,645071001、645070882
703,2,1,这个景区真的是西藏最垃圾的景点！其他的景点都非常好，无论是配套和服务都很好，西藏唯独这个景区真的很差劲👎景交车管理特别混乱，景区内观景台根本不会给你说清楚，任由司机随意停靠，随意接人，本来应有的3个观景台，完全不按游览顺序放游客，也不会给你说清楚到底有几个景观台能停靠，你能玩哪里完全就是开盲盒，希望大家避雷！垃圾景区，再也不去！,纳木措景区,643973401、643970524
704,2,2,很不错的。,松赞林景区、纳木措景区,638308700、164685686
705,2,2,非常的好呀,南迦巴瓦峰、纳木措景区,632482026、169239874
706,2,2,撒老师 没白活,珠峰景区、纳木措景区,629957196、629957336
707,2,2,很值得去看看。,珠峰景区、纳木措景区,628874247、181772035
708,2,1,马师傅幽默风趣，认真负责，值得推荐,纳木措景区,546111217、546087060
709,2,2,纳木错的湖水清澈湛蓝，宛如一块巨大的蓝宝石镶嵌在青藏高原上。在不同光线和季节条件下，湖面颜色会发生变化，从湛蓝到碧绿，色彩丰富多变。湖边连绵的雪山，如念青唐古拉山，与湖水相互映衬，构成了一幅雄浑壮丽的画卷。尤其是圣象天门，天然形成的巨石形似巨象饮水，与湖对岸的雪山遥相呼应，景色十分震撼。,纳木措扎西岛、纳木措景区,286323612、287179726
710,2,1,触摸山川湖海的心跳,纳木措景区,317358413、245388669
711,2,2,环境优美好,稻城亚丁、纳木措景区,245105225、777710753
712,2,2,值得去，很美,纳木措圣象天门、纳木措景区,237684784、243205362
713,2,2,值得去体验,布达拉宫、纳木措景区,232858578、218667891
714,2,2,还行吧！！,噶丹松赞林寺、纳木措景区,228967089、180014414
715,2,1,纳木错景色非常好，但是景区范围内仅仅提供了进水体验。 与此同时，景区服务非常差劲，从购票开始就是一片混乱。对个人游客非常不友好。 可能是圈钱来的太容易了。,纳木措景区,227049586、227049670
716,2,2,不错不错。,噶丹松赞林寺、纳木措景区,226627794、175872168
717,2,1,美丽的纳木措,纳木措景区,225013629、181252464
718,2,1,风景不错，只是天公不作美,纳木措景区,224445523、224445488
719,2,1,风景很美，海拔很高，大家都是胸闷气喘，真是一个让人又爱又恨的地方,纳木措景区,222861563、222861430
720,2,2,非常满意的一次,大昭寺、纳木措景区,221323418、166759030
721,2,1,门票有点小贵，纳木错湖很好看，但是各段看着都差不多的，所以显得缺点性价比。但是，来了拉萨就觉得必须看纳木错。,纳木措景区,221186484、221186295
722,2,2,来这里真的选对了！景区超干净，路标清晰不怕迷路。山顶的日落美到窒息，随手拍都是壁纸。工作人员特别热心，问路线时还主动提醒哪里拍照最佳。小吃街价格公道，推荐当地特色凉粉，酸辣爽口。全程玩下来很轻松，性价比超高，已经推荐给朋友了，下次还来！,玉龙拉措景区、纳木措景区,218972629、218441007
723,2,2,非常喜欢这个地方,珠峰大本营、纳木措景区,218771498、171026925
724,2,2,非常漂亮的景点,珠峰景区、纳木措景区,218732102、197497728
725,2,2,非常非常不错,珠峰大本营、纳木措景区,217945316、241237256
726,2,1,不错不错。。。。,纳木措景区,216977671、216977629
727,2,1,美中不足就是遇到下雨、看不到什么美景。,纳木措景区,213175866、213175845
728,2,2,确实很漂亮,巴松措、纳木措景区,211266161、671557321
729,2,1,门口就有停车位非常方便，而且从进门开始就感觉到舒适，环境分给到5分！很好哈哈哈还好还好。。。。。。。。。。。。。。。。。。。。。,纳木措景区,191930327、191930299
730,2,2,超级漂亮！,康定木格措景区、纳木措景区,179793040、215202177
731,2,2,美！！！！！,奇林峡风景区、纳木措景区,179785086、175152097
732,2,1,纳木措非常漂亮值得一看！,纳木措景区,178744804、178744803
733,2,1,景色不错，千万别坐景区里面摩托载客游岛拉客的，太垃圾了，载一段就要加一点钱，跟他理论说谈好了多少就是多少，还扬言自己下去，骂人，态度恶劣！千万别坐摩托拉客的！千万别坐摩托拉客的！千万别坐摩托拉客的！,纳木措景区,178104896、178104894
734,2,1,景色不错，千万别坐景区里面摩托载客游岛拉客的，太垃圾了，载一段就要加一点钱，跟他理论说谈好了多少就是多少，还扬言自己下去，骂人，态度恶劣！千万别坐摩托拉客的！千万别做摩托拉客的！千万别做摩托拉客的！,纳木措景区,178104893、178104891
735,2,2,景色非常美！,巴松措、纳木措景区,177784846、645782887
736,2,1,翻越海拔5190米那根拉山，来到了这世界上最高最美的神湖让人震撼—纳木错，淡蓝、浅蓝、灰蓝、宝蓝、深蓝以及深邃如墨一样的蓝黑，这有浅而深的蓝色，似乎包容了世界上所有的蓝色。,纳木措景区,176200466、176200328
737,2,2,【景色】很好很美 【趣味】很好 【性价比】很好,八廓街、纳木措景区,175559447、175589792
738,2,1,纳木措湖是西藏三大圣湖之一，中国第三大淡水湖，湖水非常的清澈，随着阳光直射呈现不同的颜色，非常的绚丽多彩，看着心旷神怡，感受祖国大好河山不同的美景,纳木措景区,172024131、172024109
739,2,1,我们去的时候天气不好，一直下雨，这个景区就是坑啊！收门票的地方，离游客集散中心还要自己开车30公里的盘山公路。到了游客中心还要做景区的大巴。到湖边还要步行1公里。我们全身湿透，冻死了。大雾啥也看不到。体验极差。,纳木措景区,171885030、171884992
740,2,1,无法言说。零服务，真是守着老祖宗给的礼物不知道珍惜,纳木措景区,171567345、171567365
741,2,2,【景色】景色舒适宜人悠闲 【趣味】趣味平平休闲还行 【性价比】性价比不错的一款,八廓街、纳木措景区,170981344、171210316
742,2,2,携程平台就是个狗屎平台，我作为他们平台的钻石客户居然利用他们的霸王条款来杀熟，一个11岁的孩子都要被平台收取成人票的费用，而且纳木错景区售票处明确说60岁以上的老人18岁以下的未成年都是半票的，但由于我在携程上订的票，所以是退不了的，和携程沟通下来，给我的回复都是敷衍和高高在上的姿态，大平台大公司，一个信任的几年的平台，从今天开始订机票酒店门票都不会用这个狗屎平台了！！！,《文成公主》大型史诗剧、纳木措景区,167151418、167151523
743,2,2,非常美丽漂亮,巴松措、纳木措景区,166993081、228065601
744,2,2,景色不错，总体超赞，性价比高，有趣好玩，,大昭寺、纳木措景区,166844865、166777623
745,2,2,景色不错，有趣好玩，值得推荐，体验很好，,稻城亚丁、纳木措景区,164562957、163478082
746,2,2,值得去看看！,南迦巴瓦峰、纳木措景区,163849785、180069134
747,2,2,景色美滴跟画一样，服务烂的跟*一样。建议大家一块打投诉电话，也可以打纪委电话反馈问题，争取把景区撤掉或者优化提升，还大家一片净土和美景。,巴松措、纳木措扎西岛,220650802、220649178
748,2,2,非常非常非常不错,珠峰大本营、纳木措圣象天门,241237319、241237284
749,2,2,美的让人窒息,来古冰川、纳木措圣象天门,239072709、174765807
750,2,2,漂亮，值得一去,康定木格措景区、纳木措圣象天门,235488310、805519233
751,2,1,湖水干净，美如仙境。,纳木措国家公园,222607323、222607288
752,2,1,景色比较好，小朋友可以喂鱼和红嘴鸥，不虚此行！,纳木措国家公园,218151592、218151704
753,2,2,值得一去，很震撼,《文成公主》大型史诗剧、纳木措国家公园,186363836、630977488
754,2,2,值得一去的地方。,松赞林景区、纳木措国家公园,182620831、173107125
755,2,2,风景不错，,康定木格措景区、纳木措国家公园,175735865、181314814
756,2,1,风景绝佳，心旷神怡。,纳木措国家公园,171623009、171623054
757,2,1,挺好，很大，建议自驾环湖,纳木措国家公园,171257997、171258004
758,2,1,非常美呀！就是出行的时间不对，景点门口还是大晴天，到了湖边就是雪加冰雹，不过我还是带着我麻麻顽强的走了一圈，边走边唱刘德华的冰雨⋯⋯,纳木措国家公园,170750012、170750033
759,2,1,景色非常完美,纳木措国家公园,164585619、164585618
760,2,2,美丽的景色,松赞林景区、纳木措国家公园,163999432、757015715
761,2,1,老人票半价，与儿子一起连住了两天，大峡谷都跑了个遍，美不胜收。,索松村,238122249、238122592
762,2,2,看上去还不错,巴松措、索松村,178863287、178863278
763,2,2,还行还行还行,松赞林景区、索松村,175729070、167365311
764,2,1,索松村是西藏自治区林芝市米林县派镇辖行政村，包括索松、吞白两个自然村。村子位于半山腰，面对南迦巴瓦峰，村脚下就是雅鲁藏布江。,索松村,166066573、166064887
765,2,2,扎什伦布寺，原名“岗坚曲培”，意为“雪域兴佛寺”，后更名为“扎什伦布巴吉德经钦却唐皆南嘏杰维林”，意为“吉祥宏固资丰福聚殊胜弥诸方洲”，通称“扎什伦布寺”，意为“吉祥山寺”或“吉祥须弥山寺”。一些汉文史籍记为“扎什伦博”、“仍仲宁翁结巴寺”、“扎什隆布寺”等，简称“扎寺”。 位于市内，位于市驻地以西的尼色日山麓。为第一世达赖根敦珠巴于1447年佳建，后为班禅额尔德尼住锡之所。系后藏第一大寺，也是格鲁派六大寺院之一，属国家重点文物保护单位。,扎什伦布寺、第十世班禅大师灵塔祀殿,171997696、171997690
766,2,2,去年去了，位于四川省甘孜***自治州稻城县香格里拉镇，属横断山脉，沙鲁里山系，南部与云南省香格里拉毗邻，东南连泸沽湖和丽江。,稻城亚丁、稻城亚丁风景区-冲古寺,163313886、163313879
767,2,2,这里的景色真的非常不错，值得推荐给大家。,尊胜塔林、稻城亚丁风景区-三神山,174991419、174933201
768,2,1,雪山巍峨，清溪水流淙淙，景色宜人。,稻城亚丁,816471083、816470460
769,2,2,值得去，风景很美的,康定木格措景区、稻城亚丁,784488398、784488146
770,2,2,景色太漂亮了,木雅圣地景区、稻城亚丁,777633291、175656127
771,2,1,风景绝美，一票景区通用，再无收费项目，非常棒,稻城亚丁,770720161、770720532
772,2,1,不错，，，，,稻城亚丁,770503007、770502762
773,2,2,风景很美很美,普达措国家公园、稻城亚丁,753970330、798986833
774,2,1,方便快捷 就是开发票麻烦,稻城亚丁,753017063、753016881
775,2,2,非常非常棒！,布达拉宫、稻城亚丁,750927843、761000682
776,2,1,挺好的，景色超级棒，景区服务人员很热情 的，挺好的，感觉很满意,稻城亚丁,745831696、745829463
777,2,1,好评好评好评好评好评好评好评好评好评,稻城亚丁,728154106、728154008
778,2,1,总体感觉非常坑，高海拔景点，游客花钱只买个门票和景区交通。徒步在高海拔爬山，最后到牛奶海，简直不能看。很后悔来稻城亚丁景区，也不会推荐亲朋好友来游玩。简直是花钱买罪受。,稻城亚丁,701061803、701062041
779,2,1,眼睛在天堂，身体在地狱,稻城亚丁,697881948、214594031
780,2,1,很方便 直接身份证进,稻城亚丁,667245335、667245118
781,2,1,美。相当美。心意很久的地方,稻城亚丁,645243894、645243593
782,2,1,冬天的风景也很不错 但是长线只开到了贡嘎措 观光车也不停圣水湖 走的有点累了 从贡嘎措一直走到了坐大巴的地方 非常远,稻城亚丁,638463421、638463155
783,2,2,风景优美，交通方便，非常出片～,巴塘措普沟景区、稻城亚丁,635802644、635803008
784,2,1,无论天气如何，这个景点都值得一去,稻城亚丁,634121125、634120733
785,2,1,这次旅行真的太惊艳了！景区的环境非常优美，干净整洁，让我们真正感受到了大自然的美妙。&quot;,稻城亚丁,630292776、630292475
786,2,2,美的不像话,珠峰大本营、稻城亚丁,231322960、213380770
787,2,2,特别特别美,噶丹松赞林寺、稻城亚丁,230871474、175344231
788,2,2,景色很美，不虚此行,巴松措、稻城亚丁,230712791、175518216
789,2,1,这次去亚丁，简直就是冲着挑战心理极限去的。全程都在下雨，下了一天，我们也是头铁，一直冒雨前行，一路到达了最高点--牛奶海和五色海，金刚挑战线拿捏，最后的后果就是那天战损严重，从头湿到脚，还好没感冒，否则都不敢想象高原地区，感冒了要怎么办,稻城亚丁,229116210、229116245
790,2,1,踏入稻城亚丁，像跌入了造物主打翻的调色盘。   清晨的洛绒牛场裹着薄雾，草甸上的野花沾着露珠，牦牛甩着尾巴漫不经心地啃草，远处的仙乃日雪山藏在云层后，露出的雪顶像给蓝天镶了道银边。沿着栈道往上走，空气渐稀，每一步都伴着心跳，但抬眼便是冲古寺的金顶在阳光下闪光，经幡在风里簌簌作响，仿佛在低声诉说着什么。   走到牛奶海时，突然明白了“圣地”二字的分量。碧绿的湖水嵌在雪山环抱的谷地里，像块被岁月打磨过的翡翠，湖水随光线变幻，时而清透如镜，时而泛着幽蓝。不远处的五色海更妙，阳光洒在湖面，折射出青、蓝、绿、黄、紫五色光晕，站在观景台往下望，人在画中，却觉画也不及眼前之万一。   下山时回望，雪山仍静静矗立，草甸渐染暮色。这里的美从不是刻意雕琢，而是天地本真的模样——风是清的，水是净的，山是肃穆的。走一趟亚丁，像给心灵做了场洗礼，那些俗世的烦扰，似乎都被这里的风卷走，只留下满心的澄澈与敬畏。,稻城亚丁,228778677、228778488
791,2,1,很喜欢稻城亚丁太好玩了还看到了日照金山,稻城亚丁,228323614、228323565
792,2,1,牛奶海很美，此行无憾,稻城亚丁,226756937、226756853
793,2,2,缺氧但不缺信仰,噶丹松赞林寺、稻城亚丁,224261458、231339319
794,2,2,非常开心的一次出行，体验非常好，订票还有优惠，期待下次行程。非常开心的一次出行，体验非常好，订票还有优惠，期待下次行程。非常开心的一次出行，体验非常好，订票还有优惠，期待下次行程。非常开心的一次出行，体验非常好，订票还有优惠，期待下次行程。非常开心的一次出行，体验非常好，订票还有优惠，期待下次行程。非常开心的一次出行，体验非常好，订票还有优惠，期待下次行程。非常开心的一次出行，体验非常好，订票还有优惠，期待下次行程。,亚丁村、稻城亚丁,223552624、224293532
795,2,2,好可以值得推荐超级棒,墨石公园景区、稻城亚丁,221320569、221320520
796,2,1,果然是名不虚传 稻城亚丁太美了 处处是风景如画 世外桃源 坐景区大巴进去 途中有几个站点 一般是一直坐到最里面 然后再换成小电瓶车到洛绒牛场看三座神山 非常震撼,稻城亚丁,218819105、218818972
797,2,1,景色太好了。长线短线分两天走完。建议第一天早点进，大巴换观光车，然后赶快去马帮买票，骑马2.5公里，之后三公里要靠自己走了，很累，但景色太好了。有句话怎么说来的，“身体在地狱，眼睛在天堂”；赶在下午一点前登上去最好，拍照看看，三点选择下山，需要走到观光车点了。然后坐大巴回。第二天上午再来个短线，真的美。,稻城亚丁,217767362、217767474
798,2,2,值得一去的地方！,噶丹松赞林寺、稻城亚丁,217768475、175180582
799,2,1,. 无论天气如何，这个景点都值得一去。 3. 景区内的景色让人陶醉，仿佛置身仙境。 4. 有着悠久历史文化底蕴的景点，值得一探究竟。 5. 这个景区的管理非常好，环境整洁干净。 6. 景点内的建筑风格独特，具有极高的艺术价值。 第 1 页 7. 站在这里可以俯瞰整个城市，视野开阔。 8. 这个景点有丰富多样的娱乐项目，适合一家人来玩。 9. 这个景区的服务态度很好，给人宾至如归的感觉。,稻城亚丁,217234235、217234200
800,2,1,稻城亚丁确实不好爬😥，我们是5月份来的，风景不太好，颜色都是深色系，会觉得有一些荒凉和严肃，但还是可以的，只是在丰水期来会更合适，听说到时候牛奶海和五色海会特别漂亮。图片都是我们自己拍的，其实真的蛮好看的🤣,稻城亚丁,213165989、213165898
801,2,1,去的不是时候，但是挺好看的。去的不是时候，但是挺好看的。去的不是时候，但是挺好看的。去的不是时候，但是挺好看的。去的不是时候，但是挺好看的。,稻城亚丁,209716452、209716431
802,2,2,稻城亚丁犹如一颗璀璨的明珠，镶嵌在四川的西南部，为世人展现着大自然的神奇与美丽。让我们一起来这里感受这片仙境带给我们的宁静与美好。,亚丁村、稻城亚丁,181319086、181319092
803,2,2,挺满意的，挺满意的，挺满意的，挺满意的，挺满意的，挺满意的，挺满意的，挺满意的，挺满意的，挺满意的，挺满意的，挺满意的，,墨石公园景区、稻城亚丁,179643449、179643482
804,2,1,风景真的很美，不后悔，稻城亚丁真的超级美，雪山很好看，就是很累很累，真的一定要去牛奶湖上面看超级好看，很蓝的湖水不虚此行,稻城亚丁,179346540、179346522
805,2,1,老天爷非常给面子，到了牛奶海的时候出太阳了！牛奶海真的太美了，雪山也是非常壮丽。一路设施卫生间让我留下非常好的印象，各种都很便利。虽然爬着挺累的（其实我觉得一路坐车过来比爬山更累），但是也是开心的，一切都很值得。希望还有下次！,稻城亚丁,179288917、179288902
806,2,1,非常值得去，景区美的一塌糊涂，，预计游玩两天的样子，秋天去一定要带羽绒服，变天比较快，有时候也会下雪。一定要注意保暖，可以带上暖宝！,稻城亚丁,174189045、174189048
807,2,1,非常方便，刷身份证直接进入。先大巴车一个小时从山脚到山顶，再坐景区观光车20分钟到马场，再骑马40分钟到半山腰，然后步行约2小时到最高峰的五色海。先玩五色海再下来玩牛奶海，然后下山比较不累。,稻城亚丁,171921019、171921488
808,2,1,美丽的风景一定要有坚强的意志！美丽的风景一定要有坚强的意志！美丽的风景一定要有坚强的意志！美丽的风景一定要有坚强的意志！,稻城亚丁,171672397、171672400
809,2,2,今年已经有三四次到成都的机会了，每一次去成都都呆好几天，【景色】景区里面的景色简直是太棒了，郁郁葱葱，大片的竹林，让人感觉心旷神怡。 【趣味】在这个景区最好是带着小孩一起。趣味性更强，也可以让小孩长长见识。,康定木格措景区、稻城亚丁,168403718、168398827
810,2,1,携程网上买门票真心方便，凭身份证直接就能进入景区；虽然我在国内也到过很多风景区，但稻城亚丁风景区仍是一个值得推荐的地方；景区内管理比较完善，交通、住宿都挺方便的，毕竟景区范围大，门票与大交通费用不低也算正常；到此游玩的前提是身体要能适应高海拔，毕竟观景必须得走路，且路程不短；至于能否看到亚丁最美的景致，就真的需要天气的配合了，个人感觉不枉此行！,稻城亚丁,167700520、167700541
811,2,2,稻城亚丁个人觉得玩个两天是比较合适的，中间可以在亚丁村里面住一晚。我们安排是头天住的稻城县，早上起来开车往稻城亚丁景区。买了门票（三天有效）坐观光大巴车（必坐120，二次进山收半价）进去，酒店放下行李，刚好吃个午饭，然后开始玩珍珠海这条短线。稻城亚丁真的是要看天气，天气好的话，冲古寺金光闪闪的，珍珠海前看仙乃日神山也很美。,亚丁村、稻城亚丁,167414302、167414372
812,2,1,四川亚丁国家级自然保护区森林面积560平方千米，有维管束植物1126种、脊椎动物291种。海拔在5000米以上的山峰10余座，海拔4500米以上的山峰30余座，高山古冰川湖泊62个。,稻城亚丁,165148111、162978335
813,2,2,有趣好玩，性价比高，总体超赞，景色不错，,大昭寺、稻城亚丁,165049101、166700470
814,2,1,雪山，草场与海子搭配，值得一看。景区里面的大巴车到洛绒牛场，山路太难走，1个小时左右车程，车速20码以下，仍然感觉被转的晕的厉害。海拔较高，高反的人不少，很是难受。所以，走到牛奶海下来的都需要有大勇气。当然，我们当天运气不错，晴天，路好走，人相对不太挤，看景也更清楚些。,稻城亚丁,164823049、164823046
815,2,2,体验不佳，景色一般，可玩性低，,康定木格措景区、稻城亚丁,164741495、163506514
816,2,1,到达景区坐景交一小时，徒步5-10分钟，坐景区电瓶车80元到洛绒牛场，开始漫长的徒步，建议先去牛奶海再去五色海，路程会轻松点。沿途景色还不错，徒步路段会让你崩溃。,稻城亚丁,164713774、164713738
817,2,1,稻城亚丁，总结就是花着钱，坐50公里盘山路，给你盘蒙圈以后，再有10分钟做电瓶车到达4200，然后就开始漫长的徒步，往返10公里，有石头路，有木头路，有栈道，然后爬到了4600，看牛奶海，爬到4700看五色海，如果天气不好景色差一点，不过我感觉应该也没太大差别吧，爬了7.8个小时就为了两个带颜色的河泡子，照相，照相，照相，然后屁颠屁颠再下来，再坐50公里盘山路下山，下山的基本没几个精神的了，没来的时候想来，来了就再也不想来，景色也就那么回事，期望太高，抖音滤镜加的过重了些，想去的朋友考虑一下，能不能受得了高原爬山,稻城亚丁,164521395、164521422
818,2,1,失望吧，网络上吹的太过了，辛辛苦苦爬到4600海拔，并没有看到多美的景色。也可能我从滇藏线到川藏线看太多美景，感觉不太值。,稻城亚丁,163461175、163461201
819,2,1,无需取票，直接刷身份证即可。不过赶上了五一假期人最多的一天，建议大家都早点去，山里气候多变，通常来说，上午的天气比较好，景色也比较好，从中午就可能会变天，影响上镜。,稻城亚丁,163409553、163409519
820,2,1,去的时候天气不好，高反太难受，如果体力不好可能爬不到顶，看不到。一定要座电瓶车。多带点氧气，一定要早点去。慢慢爬会来不及,稻城亚丁,163370388、163370382
821,2,2,非常的满意,大昭寺、稻城亚丁,161959441、803015158
822,2,1,石卡雪山，距离香格里拉是15km，开车大概40分钟。 在网上买的票，双人票355，1米2以下的小朋友免票。 好像听说有早鸟票，但是我们起不来呀，就买全价票了。 大概是12点多到的，然后游玩时间一个半小时吧。 分两段式缆车，第一段缆车会到山中间的牧场，很漂亮的一个月亮河。第二辆缆车会上山，到了山顶以后，然后还需要再爬一小段楼梯。这小段楼梯别看很短，但是很累，因为在高海拔，而且风很大，有点冷。 站在山顶如果天气好的话，可以看到8座雪山，我今天数了一下，只看到了6座雪山，因为像梅里雪山方向是阴天。只隐约能看到一点山峰。 我觉得性价比还是很高的，就是来看看雪山，然后在山顶还可以看到整个香格里拉县城。但说好的5月份有杜鹃花呢，杜鹃花还没有开，可能要6月份吧。,石卡雪山,706359585、706358934
823,2,1,很好值得去很好值得去,石卡雪山,210145552、210145524
824,2,2,挺好玩的。,尼洋阁藏东南文化博览园、石卡雪山,161792814、171367281
825,2,2,非常满意值得推荐,康定木格措景区、白水台,243156873、235892553
826,2,2,还是值得一看的,《文成公主》大型史诗剧、白水台,222624977、171876588
827,2,2,非常值得去一下。,巴松措、白水台,220341290、175945135
828,2,2,还行吧。。,松赞林景区、白水台,205533749、175172135
829,2,2,挺不错的！,普达措国家公园、白水台,185715538、764982338
830,2,1,还是蛮好的。。。。。。。。。。。。。。。。。。。。。。。。。还是蛮好的。。。。。。。。。。。。。。。。。。。。。。。。。,白水台,179061772、179061766
831,2,2,这里风光秀丽景色宜人，流连忘返,甘孜寺、甘孜镇,175429358、175412024
832,2,2,国庆大假第一天早上4点从成都出发，幸运的没有遇上堵车，下午5点到达甘孜县，进县城的时候，交警查车，特意给了一个甘孜县的旅游宣传单，其中格萨尔王城就是其中之一，景区在进城的必经之路旁边，停车场很大，停车方便，进来逛了逛，就是最近新修的仿古藏式名居的风格，国庆活动很多，整个街区都是围绕格萨尔王为背景打造的，过来看看还是挺有意思的，街区里面的温泉不错，买手工艺品的也还可以，适合慢慢逛，晚上灯光不错，还有烟花表演，小朋友还挺喜欢的。,格萨尔王城、甘孜县孔马寺妙善如意洲,166219663、164699265
833,2,2,🌟高城印记！东西城门拍出诗意藏地大片   📍东城门：318国道进藏必经地标！4米高的藏式城门楼配&quot;世界高城理塘&quot;题词   📍西城门：&quot;此生必驾318&quot;打卡墙！建议上午拍摄光线最佳（高原下午容易阴天变脸） 📍格萨尔王广场：格萨尔王是古代藏族人民的英雄，曾在理塘征战，留下了许多动人的故事和传说。格萨尔王铜像矗立在广场中心，见证着理塘的发展。       我们是四月份去的，还没到旅游旺季，除了东城门打卡的人多，整个县城里都没什么人，很多店铺都没开。  🚗 交通tips   推荐自驾：直接导航&quot;理塘东城门&quot;，停车免费但车位紧张    ⚠️ 高反防线   ▫️氧气罐必备！城门附近小卖部有卖。车上最好装上制氧机，节约成本！ ▫️走路要比树懒慢！拍摄时尽量少跳跃（海拔4000多米）   ▫️高压锅美食体验：推荐城门边的&quot;雪域藏面&quot;，牛肉面用高压锅煮得超软烂（老板说这是理塘人的智慧🤣，学过物理都知道，海拔太高了，水的沸点很低。）    🍜 舌尖上的理塘   ▫️ 牦牛酸奶：加青稞粉吃法绝绝子   ▫️ 酥油茶：咸香版是抗高反神器,理塘东城门、理塘西城门,215953214、215953123
834,2,2,非常值得参观学习的地方，很有收获。,曲登尼玛寺、班公湖,176252475、175629583
835,2,2,非常棒的体验！,康定木格措景区、珠穆朗玛峰,212313109、219695827
836,2,2,【景色】登高望远美景显 【趣味】勇攀高峰身心健,冈仁波齐、珠穆朗玛峰,172090627、172253298
837,2,2,非常值得去的一个景点,巴松措、珠峰景区,225308105、223084422
838,2,2,好很好非常好,噶丹松赞林寺、珠峰景区,220116394、224486879
839,2,2,订票很方便,噶丹松赞林寺、珠峰景区,212408736、216721968
840,2,2,非常好看！,墨石公园景区、珠峰景区,211450100、179454328
841,2,1,其实主要为了跟石碑🪦拍照，景色一般，还不如观景平台看到的景色好呢，携程购买比现场买便宜32还是不错的,珠峰景区,210130383、210130187
842,2,1,🥇 签旅游局电子合同 🚙 商务2-6人小团 📷 单反+无人机全程跟拍 💊 车载 航空制氧机 ｜不进氧气店 🎁 赠送精妆藏服写真+网红咖啡旱地拔葱 全部线路统一价｜*********,珠峰景区,208875220、208875269
843,2,2,值得一去！！,珠峰大本营、珠峰景区,203116740、195301086
844,2,2,挺好的 挺好的,珠峰大本营、珠峰景区,193998764、203818042
845,2,2,不虚此行！,大昭寺、珠峰景区,185839144、221585701
846,2,2,很好  非常好,巴松措、珠峰景区,185709280、184635228
847,2,2,景色很美很漂亮,巴松措、珠峰景区,185310861、221789149
848,2,2,环境非常优美,噶丹松赞林寺、珠峰景区,181782828、642490927
849,2,1,美极了！海拔太高，注意带氧气。,珠峰景区,179850481、179850480
850,2,2,特别特别好,康定木格措景区、珠峰景区,178207402、222770409
851,2,2,挺好的。。。,大昭寺、珠峰大本营,230273184、165363461
852,2,2,挺不错的。,松赞林景区、珠峰大本营,229147276、165203810
853,2,2,挺值得去的,布达拉宫、珠峰大本营,223101852、212399902
854,2,1,不错价格便宜，好评,珠峰大本营,171471041、171471040
855,2,2,真的太美了,噶丹松赞林寺、珠峰大本营,171280161、774732316
856,2,2,值得一去的好地方,松赞林景区、珠峰大本营,171026909、633961665
857,2,2,这里的景色真不错很值得一去游玩。,冈仁波齐、玛旁雍措,165257061、165548995
858,2,2,这里的湖泊被当地人尊为圣湖，人们有的跪拜，有的作揖，这里的水十分清澈，听当地人讲了好多这里的传说，感觉好奇妙。值得推荐的。,即乌寺、玛旁雍措,163333891、160174330
859,2,2,环境氛围很不错，打卡拍照好去处,新龙红山、独龙江,176523907、175812989
860,2,1,交通车很方便，下午返程车次很多。冬天景区开放三个区域，第一个冰雪世界没必要下车，很小的一片人造雪，有一些游乐设施，推荐属都湖，栈道都是平路，很好走，风景蛮不错的，碧塔海性价比比较低，只能走到湖边的小亭子，里面的核心区域不开放，赶时间的如果去过属都湖了，没必要去碧塔海,独克宗古城,651930490、651911646
861,2,2,讲解非常不错,布达拉宫、独克宗古城,163313724、219868496
862,2,1,牛奶海风景区，位于四川亚丁自然保护区内，又叫俄绒措：古冰川湖，状如水滴，面积0.5公顷，四周雪山环绕，湖水清莹碧蓝，山止成瀑，以其玲珑秀雅水色翠蓝而著名，俄绒措上方有大片的冰川。传说是能治聋哑怪病的圣湖,牛奶海,165113491、162839648
863,2,2,满拉水库山头亲系经幡（0921） 经幡袅袅和秋风， 五色缤纷心愿同。 我祝人间永康泰， 报知帝听显神功。,卡若拉冰川、满拉水库,228540677、228540355
864,2,1,其实没太深入核心景区，可能大家都是冲着滇金丝猴去的，但是我看地图还有茶马古道的观景台，也没人提醒能去，工作人员就是指引我们到了8号观猴点，一定要一早就进去，去晚了猴子都吃饱了，就不活跃了。游客中心工作人员都很好，尤其是停车场的工作人员，相当热情。,滇金丝猴国家公园,645508333、645507780
865,2,2,不错的地方，很好的环境，位置很不错。,南迦巴瓦峰、桑耶寺,177634790、176579657
866,2,1,景色不错，去年我去过，旅行有时候也只是一种心情的释放，好比沉在水底的鱼儿，在雷雨到来之前感觉烦闷，迫切的想要到水面透一口气。远离一个城市，奔赴另外一个城市，无论这个城市给你好与坏的感觉，但有点不变的是，对于未知的风景，我们总抱着憧憬和好奇。,格萨尔王城,165698189、165685550
867,2,2,被朋友种草来的，今天第一次来，果然跟朋友描述的一样，非常赞！,墨石公园景区、果果塘大拐弯,177581105、173217077
868,2,1,松赞林寺，我梦寐以求的香格里拉之旅的第一站——我正站在电影里看到的那个地方。虽然下着雨，天气不太好，但因为我们是在寺院内部参观，所以并没有造成太大的不便。这是一次瞻仰巨大坐佛、体验藏传佛教精髓的绝佳机会。,松赞林景区,821317645、821316749
869,2,1,非常好的行程,松赞林景区,797632942、797632767
870,2,1,非常神圣的地方,松赞林景区,782220048、207804514
871,2,2,不错！！！！,亚拉雪山风景区、松赞林景区,746830113、171370286
872,2,1,沒有服務可言,松赞林景区,712561921、712561627
873,2,2,在香格里拉一定要去,噶丹松赞林寺、松赞林景区,686973694、646264998
874,2,2,速度快，方便快捷,普达措国家公园、松赞林景区,654026626、654026500
875,2,2,这边的寺庙是藏族文化，有一些忌讳，听讲解员介绍就清楚了。,噶丹松赞林寺、松赞林景区,644895322、644894944
876,2,1,壮观，不可思议,松赞林景区,227685487、227685452
877,2,1,到景区门口，孩子因为高反没能进去，一行7人，3人没去，结果门票不接受单独退订，大家谨慎购票，这个景区是一经购买概不退票的,松赞林景区,220855965、220855923
878,2,2,小布达拉宫名不虚传,噶丹松赞林寺、松赞林景区,218598962、171979949
879,2,1,景区美，调度好,松赞林景区,218366786、218366758
880,2,1,寺庙里的藏族文化值得看，就是门票有点坑。门票里含的导游讲解要等很久，没几个人能听上。明明有大门，非得提前在设拦，让大家坐景区的大巴进去。,松赞林景区,218140567、218140497
881,2,2,整体还可以,巴松措、松赞林景区,217669964、175910363
882,2,2,还不错的。,巴松措、松赞林景区,212115611、176917896
883,2,2,讲解员很专业,噶丹松赞林寺、松赞林景区,209722878、178123505
884,2,1,快速解决问题,松赞林景区,207192007、207191930
885,2,1,很惊艳，非常好，强烈推荐！,松赞林景区,205422379、205422372
886,2,2,体验一般般,布达拉宫、松赞林景区,203489714、164264057
887,2,2,特别漂亮的地方，特别喜欢，下次一定还会和朋友们和家人们一起来的，打卡圣地，一直是我向往的地方，特别喜欢这里的天气和漂亮的风景，简直是天堂,普达措国家公园、松赞林景区,198003275、198003261
888,2,1,出票快，使用方便,松赞林景区,181093910、181093858
889,2,1,去香格里拉必打卡景点，体验藏传佛教及寺院建筑宏伟，感受不一样的体验。,松赞林景区,180077549、180077610
890,2,1,还可以还可以还可以,松赞林景区,178510266、178510263
891,2,1,不错，很好的体验,松赞林景区,178339181、178339171
892,2,2,公园很大，但是景点不是很多，只有三个景点。第一个是徒步，第二个是骑行/坐船，千万不要坐船，因为…后面会没什么玩的了，10来分钟就游完了湖，没看到啥，别问我为什么知道。第三个是徒步一公里（来回两公里），会看到湖，草地，牛羊和小松鼠，但是也很快游完的。主要就是拍照。,普达措国家公园、松赞林景区,177596759、177596780
893,2,2,体验还不错,南迦巴瓦峰、松赞林景区,175670611、209373368
894,2,1,出票速度快！方便快捷！出票速度快！方便快捷！ 出票速度快！方便快捷！出票速度快！方便快捷！ 出票速度快！方便快捷！出票速度快！方便快捷！ 出票速度快！方便快捷！出票速度快！方便快捷！,松赞林景区,175143470、175143453
895,2,2,好 很好 非常好,大昭寺、松赞林景区,174709061、162790583
896,2,2,很好值得推荐,布达拉宫、松赞林景区,174697183、218743050
897,2,2,买票很方便,噶丹松赞林寺、松赞林景区,174663748、764834463
898,2,2,很美，值得一去,南迦巴瓦峰、松赞林景区,172795638、208606385
899,2,2,很好很不错，景区交通方便，距离市区少微微有点远，整体还不错，算是必刷经典，尤其天气晴朗的时候非常赞，还是可以再来一次的。,普达措国家公园、松赞林景区,171138733、171138734
900,2,2,噶丹·松赞林寺是云南省规模最大的藏传佛教寺院，也是康区有名的大寺院之一，还是川滇一带的黄教中心，在整个藏区都有着举足轻重的地位，被誉为&quot;小布达拉宫&quot;。该寺依山而建，外形犹如一座古堡，集藏族造型艺术之大成，又有&quot;藏族艺术博物馆&quot;之称。,噶丹松赞林寺、松赞林景区,167967092、167782140
901,2,1,宗教文化欣赏，时间充裕可以转湖,松赞林景区,167515973、167515963
902,2,2,云南最大的藏传佛教寺庙，不错,噶丹松赞林寺、松赞林景区,167340364、164177333
903,2,1,首先这个景点绝对值得一去。 交通方面。应该可以有一条路可以开到寺院门口。没必要坐观光车。但是我没找到，寺院门口停了很多车。另外，可以不买讲解票。因为根本不查，你跟着后面听就行了。而且想听讲解，必须在门口等。它是定时有讲解员。讲解是必须要听的，讲的非常好。没有劝任何额外的消费都是自愿的。,松赞林景区,167017280、167017276
904,2,2,性价比高，景色不错，有趣好玩，总体超赞，,噶丹松赞林寺、松赞林景区,166700551、165175863
905,2,2,噶丹·松赞林寺是云南省规模最大的藏传佛教寺院，也是康区有名的大寺院之一，还是川滇一带的黄教中心，在整个藏区都有着举足轻重的地位，被誉为“小布达拉宫”。,噶丹松赞林寺、松赞林景区,164668549、163108190
906,2,2,值得推荐，有趣好玩，,大昭寺、松赞林景区,163483619、164453071
907,2,2,因其规模宏大，故有“小布达拉宫”的美誉。,噶丹松赞林寺、松赞林景区,161588549、163194860
908,2,1,被来古冰川美到失语！它像是隐匿在世间的梦幻之地，冰舌蜿蜒而下，泛着幽蓝的光，澄澈又神秘。周边雪山环绕，湖泊静谧，目之所及皆是大自然的鬼斧神工。在这里，呼吸都变得小心翼翼，生怕惊扰这份纯粹的美好，真的太值得一去！,来古冰川,203401388、203401290
909,2,2,感觉一般！,墨石公园景区、来古冰川,185280166、824663785
910,2,2,非常的漂亮,康定木格措景区、来古冰川,181575327、217432587
911,2,2,还是值得去的,巴松措、来古冰川,179521362、208441773
912,2,1,还不错，，，，,来古冰川,174978071、174978063
913,2,2,风景超级棒,巴松措、来古冰川,171850424、204417760
914,2,1,夏天不是时候，冰川都融化了，山顶才有。,来古冰川,171722559、171722617
915,2,2,确实是不错,墨石公园景区、木雅圣地景区,164378577、164378589
916,2,1,风景很好，值得去,普达措国家公园,805638100、777569318
917,2,1,遇 雷 暴 霰，景区保障到位，安全游览,普达措国家公园,791983830、791977047
918,2,2,很漂亮，值得一去,巴松措、普达措国家公园,788646286、185682939
919,2,2,景色宜人！,南迦巴瓦峰、普达措国家公园,789354889、182735547
920,2,1,香格里拉普达措值得一游,普达措国家公园,774728858、774729124
921,2,2,超级棒！值得推荐！,噶丹松赞林寺、普达措国家公园,769542201、769543902
922,2,1,非常好体验感强,普达措国家公园,766423659、766423596
923,2,1,秋日的普达措， 属都湖￼ 的水比天空还透亮。岸边的桦树叶子被秋风染成橘红与金黄，风一吹，就飘下满湖“小灯笼”。坐在木栈道上晃脚，看 牦牛￼ 甩着尾巴啃草甸，连指尖都沾了秋的暖意。,普达措国家公园,752771300、752774772
924,2,2,非常好，风景绝美。,噶丹松赞林寺、普达措国家公园,752033227、752034494
925,2,1,还可以，挺好的。,普达措国家公园,683040149、683039722
926,2,2,还是不错的！,噶丹松赞林寺、普达措国家公园,683046834、682267944
927,2,2,一般般吧吧,南迦巴瓦峰、普达措国家公园,656971869、212227674
928,2,1,冬天的普达措比较萧索，没有太阳的时候更显得阴沉。交通比较方便，古城东门坐大巴，如果叫车去普达措国家公园，回来也可以在门口坐大巴回古城，15一位，坐满就走，因为有限速，所以车速差不多，就是需要等人。 公园里面生态不错，鸟类繁多。估计春秋来景色会更美。,普达措国家公园,633679068、633679656
929,2,2,购票方便，去景区直接扫码入园,噶丹松赞林寺、普达措国家公园,227452198、227452303
930,2,1,周围环境优美，空气清新，巴士上导游小姐姐温柔专业。,普达措国家公园,225859376、225859327
931,2,2,此次西北游，这个景区是很好的选择，服务特别热情 设施：新潮，人性化 卫生：干净，无死角 环境：有很好的审美 服务：热情，热心,康定木格措景区、普达措国家公园,221541055、221540929
932,2,1,去的时候下雨，所以景色略逊，只去了一个景点，其他两个留着下次再来。,普达措国家公园,221221813、221221750
933,2,2,景区分三段，均可做游览车，最漂亮的是碧塔海，草地湖水蓝天白云，太美了景区分三段，均可做游览车，最漂亮的是碧塔海，草地湖水蓝天白云，太美了景区分三段，均可做游览车，最漂亮的是碧塔海，草地湖水蓝天白云，太美了,噶丹松赞林寺、普达措国家公园,220110003、220110087
934,2,1,景色很美，但是突降大雨，景区应急能力不足,普达措国家公园,219636733、219636691
935,2,1,高原森林湖泊的自然风光很不错，分三个景区，每段上车都有介绍路线和行程时间以及公园特色等等，感觉时间和体力充裕的话都值得体验,普达措国家公园,218775341、218775145
936,2,1,景色不错，但是收费太贵，蜀都湖明明可以通车却非得要坐船（额外收费65一人）,普达措国家公园,217318627、217318515
937,2,1,普达措国家公园范围内最高点海拔4670米，最低点海拔2347米，有多处断层崖、林间小涧、深沟峡谷等独特小景交错分布，包含了较为原始完整的森林灌丛、高山草甸、湿地湖泊、地质遗迹、河流峡谷生态系统等。,普达措国家公园,215475828、180957945
938,2,1,普达措景区好像从2021年就开始核心区域封闭保育了，目前能参观的只有属都湖和碧塔海两个木栈道可以游览了。属都湖栈道4.8km，碧塔海栈道往返2km。,普达措国家公园,200727514、200726366
939,2,1,全国第一个国家公园，果然名不虚传，一定要来看一看。孩子学到了很多知识，见到了很多小动物，特别是松鼠，开心而且很有收获。推荐。,普达措国家公园,186500105、186500133
940,2,1,园内的收费项目之一 通往出属都湖区车站 另外的替代方案之一是约3km湖畔步道 船程约20分钟 游船有上层观光甲板 游弋湖光山色之间体验不错 性价比一般,普达措国家公园,181587158、181587216
941,2,1,3月份去的 目前开放了属都湖和碧塔海部分 弥里塘没有开 山上地上冰雪依旧 没在花期比较荒凉 动植物介绍的一大堆 看到的不多 目前性价比一般 整体小贵不推荐,普达措国家公园,181568631、181568614
942,2,1,3月去的 目前开放了属都湖和碧塔海部分 弥里塘没有开 山上地上冰雪依旧 没在花期比较荒凉 动植物介绍的一大堆 看到的不多 目前性价比一般 整体小贵不推荐,普达措国家公园,181564599、181564569
943,2,1,普达措国家公园不愧是AAAAA风景名胜区，11点进入景区高山森林乘坐景区大巴先沿着栈道沿着湖边走了三公里，又坐大巴去了第二个景点，实在累的走不动了远远拍了湖色美景出景区了。走马观花用了5个小时。现在的季节普达措国家公园草还没绿有点遗憾。总体感觉不错。好评。,普达措国家公园,181353429、181343709
944,2,1,去的那天阴雨天，所以景色看起来一般，但是遇到了可爱亲人的小松鼠，还有胖乎乎的小鸟。海拔3600米，很高，但是空气真的是清新，树上到处都是长松萝。,普达措国家公园,181332433、181332435
945,2,1,去的时候天气不算好，下雪了，但是雪景别有一番风味，也很好看，虽然好冷，但是兴致很高，悠幽步道据工作人员说每年5-8月才开放，这次没赶上，可惜了。全程玩下来大约4小时,普达措国家公园,180019692、180019686
946,2,1,没有想象中风景那么美，碧塔海景区据说原来非常大，现在关闭了好大一片，沿着木栈道走到头要原路返回，路上广播里一直循环播放不要随意丢垃圾等等，听到让人奔溃，属都湖景区跟碧塔海差不多，就是多了个乘船游湖，但要自费，票价不便宜，到了属都湖下起了大雨，太冷了，八月的香格里拉大太阳下紫外线厉害，比较热，一旦下雨，需要穿厚外套！！！也没怎么看景色，走到游船处赶紧上船草草结束。,普达措国家公园,172293053、172293044
947,2,2,可玩性低，景色一般，,康定木格措景区、普达措国家公园,164560811、164411708
948,2,2,性价比低，可玩性低，,康定木格措景区、普达措国家公园,164105664、163686206
949,2,2,不值得去玩,墨石公园景区、普达措国家公园,162648957、757487144
950,2,1,景色一般般了，没有让我感到惊艳,普达措国家公园,161084749、161083666
951,2,1,很美很震撼，一天内可以感受四季的地方。虽然一路走一路有点高反，但是能看见这样的景色，真的很值了！以后等宝宝大些还会再来的。,普达措国家公园,161067651、161066276
952,2,1,听过那首歌，我的家乡在日喀则一直就想来看看,日喀则上海广场,805676978、805676964
953,2,2,很震撼，值得一看,《文成公主》大型史诗剧、文成公主剧场,232149681、181177321
954,2,2,值得看看。,巴塘措普沟景区、文成公主剧场,223523917、168148960
955,2,1,这次拉萨之行，最让我难以忘怀的就是观看《文成公主》大型舞台剧，真的太震撼了！ 演出以巍峨山川为天然幕布，璀璨星空化作舞台灯光，360°星空实景光影与3D环绕音效相互交织，瞬间将我拉回了1300多年前唐蕃和亲的传奇岁月。上百名演员全身心投入，每一个表情、每一个动作都饱含深情，生动演绎出文成公主与松赞干布相知相恋的动人故事 ，再现了那段波澜壮阔的历史。尤其是“打阿嘎”和藏戏表演的片段，藏族文化的独特魅力展露无遗，让我大饱眼福。 整个剧情编排巧妙，从松赞干布派遣禄东赞赴唐求婚，通过智慧考验成功求娶文成公主，到文成公主告别长安、历经艰险踏上漫漫西行路，情节跌宕起伏、扣人心弦，让我深刻感受到了汉藏和美的大爱精神 。当结尾布达拉宫的巨型背景缓缓呈现，全场都被这壮丽的场景震撼，不由自主地爆发出热烈的掌声。这场舞台剧不仅是一场视听盛宴，更是一次深度了解汉藏历史文化交流的难得机会，来拉萨一定不能错过！,文成公主剧场,213110556、213110332
956,2,1,非常好，点赞,措木及日,179071949、178983092
957,2,1,风景优美，还会在来,措木及日,178540264、178342260
958,2,2,景色不错，可以,布达拉宫、措木及日,178527752、166257122
959,2,1,非常好非常满意,措木及日,178213983、178194683
960,2,2,可以去看看的话就去看看呗还是不错的,拉萨河、拉萨河特大桥,173064913、173026664
961,2,2,总体还行，推荐你们去看看，可以去看看,拉萨大桥、拉萨河,177605627、177620619
962,2,2,有时间可以来这里逛一逛，体验美景,拉萨大桥、拉萨市拉萨河水利风景区,178182911、178121014
963,2,2,景色宜人，空气清新，值得一去。,南山公园、拉萨市拉萨河水利风景区,177689750、177687613
964,2,1,讲解清晰，服务到位，谢谢,扎基寺,185118543、185118529
965,2,2,康定市位于四川省甘孜藏族自治州东部，是甘孜州州府。康定具有悠久灿烂的历史文化，是川藏咽喉、茶马古道重镇、藏汉交汇中心。自古以来就是康巴藏区政治、经济、文化、商贸、信息中心和交通枢纽。全市幅员面积1.16万平方公里，是以藏族为主，汉、回、彝、羌等多民族聚居的城市。,康定木格措景区、扎嘎神山风景区,165330139、165315994
966,2,1,扎什伦布寺意为“吉祥须弥寺”，全名为“扎什伦布白吉德钦曲唐结勒南巴杰瓦林”，意为“吉祥须弥聚福殊胜诸方州”。位于西藏日喀则的尼色日山下。是该地区最大的寺庙。,扎什伦布寺,165366957、163151345
967,2,1,非常值得去，司机师傅非常非常好，服务态度也好，人也很有趣,廓琼岗日冰川,166501323、166501299
968,2,1,还可以。。。。。,康定木格措景区,790869318、780456041
969,2,1,纳木错真的是西藏此行最惊喜的一站，不愧是大名鼎鼎的天湖。湖水湛蓝辽阔，雪山作背景，天地开阔，氛围感直接拉满。扎西半岛可以近距离走到湖边，吹着高原的风，看湖面波光荡漾，心灵仿佛得到净化。这里海拔很高，游玩的时候注意放慢节奏。景区整体体验很不错，风景原生态，没有过度商业化。亲眼见到的美景远比照片更加动人，远离城市喧嚣，满眼都是纯粹的自然风光。很值得奔赴，推荐给每一个来西藏旅行的朋友。,康定木格措景区,785864927、785864990
970,2,1,晴天的木格措是人间仙境 蓝天白云 太美了,康定木格措景区,780588229、780588215
971,2,2,非常值得的,巴松措、康定木格措景区,774516590、209093879
972,2,1,康定情歌之源——溜溜湖木格措   一曲康定情歌，响彻四海，家喻户晓。它是华夏经典民歌瑰宝，更是联合国教科文组织评定的全球十大经典民歌之一。上世纪七十年代，这首悠扬婉转的旋律搭乘旅行者二号奔赴浩瀚宇宙，成为镌刻人类文明的浪漫符号，名扬世间。   木格措，藏语寓意野人海，木格为野人，措即为湖泊，这片圣湖承载着一段缠绵动人的千古传说。古时康定塔公草原，英勇俊朗的青年扎西，与温婉秀美的姑娘卓玛相知相恋，情深意笃。蛮横的部落头人贪恋卓玛容颜，执意强行霸占。幸而头人之女心怀良善，连夜通风报信。无奈之下，一对恋人逃离故土，翻越巍峨雪山，穿行幽深密林，最终寻得这片群山相拥、澄澈静谧的高原海子。此处远离尘嚣，宛若世外仙境，二人便在此安居度日，渔猎为生，相守相伴，岁岁安然。   后来进山的猎户偶然窥见二人身影，心生误会，便将这片湖泊称作野人海，木格措也由此得名。自此木格措便化作忠贞不渝的爱情圣地，无数慕名而来的有情人，于此许下相守一生的诺言。   澄澈湖水碧波荡漾，四周青山连绵环抱，远方雪峰巍峨耸立。此番到访恰逢阴天，虽无缘邂逅晴空之下木格措极致绝美的容颜，泛舟湖面，层层浪花翻涌洁白，随风层层向前。耳畔清风徐徐，心中回味着扎西与卓玛的凄美爱恋，沉醉在这片雪域秘境之中，久久难以释怀。   游玩木格措，必不可错过独具趣味的药池温泉。褪去鞋袜，将双脚浸入温润泉水，灵动小鱼环绕足底轻啄，酥痒奇妙，趣味十足。特色温泉蛋更是当地一绝，满怀好奇购入三颗，依照当地吃法，轻剥蛋壳细细品尝，嫩滑蛋白鲜香软糯，绵密蛋黄醇厚入味，清甜可口。余下两颗整颗入口，蛋香四溢，软糯不腻，满口皆是山野独有的鲜美滋味，满心满足。   景区徒步首选七色海环线，一路风光旖旎醉人。澄澈湖水澄澈湛蓝，沿着林间木质栈道缓步前行，沿途繁花盛放，漫山杜鹃次第摇曳。洁白杜鹃素净如雪，粉嫩花枝烂漫似霞，尤其是连片盛放的白色杜鹃，花型硕大，清雅脱俗，点缀山野之间，美得动人心弦。   溜溜小城藏诗意，溜溜繁花映山湖。悠悠木格措，溜溜爱情湖，唱尽康千层浪漫，藏尽川西万般柔情！  千古情歌传神州，圣湖灵秀醉双眸。 木格措里藏佳话，不负人间挚爱人。  温泉暖足趣悠然，七色湖边绽杜鹃。 最是川西风月好，溜溜仙境胜凡尘。,康定木格措景区,691624662、691623717
973,2,2,非常好 很漂亮,墨石公园景区、康定木格措景区,690087091、690087231
974,2,1,非常漂亮，值得推荐,康定木格措景区,682775969、242635765
975,2,1,不错 非常棒,康定木格措景区,643617864、643617787
976,2,2,风景不错！,墨石公园景区、康定木格措景区,412107396、217353935
977,2,2,很不错！！！,大昭寺、康定木格措景区,426797113、166985175
978,2,2,非常漂亮，值得看看,伍须海、康定木格措景区,230076631、230077786
979,2,2,值得去一下,南迦巴瓦峰、康定木格措景区,227757132、199943178
980,2,2,非常值得推荐打卡的一个地方,墨石公园景区、康定木格措景区,224611731、224611458
981,2,2,很值得去啊,巴松措、康定木格措景区,224571530、651178564
982,2,1,风景不错值得推荐,康定木格措景区,222210570、222210507
983,2,2,网上订票方便快捷,巴松措、康定木格措景区,219913891、178193426
984,2,2,风景好，值得推荐,墨石公园景区、康定木格措景区,219298297、646402205
985,2,2,工作人员服务态度好,奇林峡风景区、康定木格措景区,219010765、175335960
986,2,2,很不错👍,噶丹松赞林寺、康定木格措景区,218528241、185732275
987,2,1,风景好，大巴车送到山顶一路往下，老人和孩子都不累，轻松几个小时的行程，中途还有自费泡脚的地方，挺好的，能看到雪山,康定木格措景区,218276654、218276528
988,2,1,景色风景很美,康定木格措景区,217049876、217049827
989,2,1,山川秀丽，湖水清澈，漫步其中让人流连忘返。大自然的美景如同心灵的慰藉，让我们在忙碌的生活中感受到片刻的宁静与美好。 ·阳光洒满山谷，溪水潺潺流淌，一片生机盎然的景象映入眼帘。这里远离城市的喧嚣与压力，只有宁静与和谐，让人陶醉在这片自然的世界中。,康定木格措景区,216456899、216456962
990,2,2,体验很不错,奇林峡风景区、康定木格措景区,215682139、188447295
991,2,1,可以很不错,康定木格措景区,213979781、213979746
992,2,2,挺好挺好挺好,噶丹松赞林寺、康定木格措景区,213112950、632678558
993,2,1,五一当天去的，可能我们到的早，相比其他景区人还没有周末的多，木格措和五色海雪山湖泊，很漂亮，但五一草还没绿，建议五月下旬后去，会很漂亮,康定木格措景区,210772122、210772185
994,2,1,冬天的木格措，是一幅静谧而壮美的画卷。湖面冰封如镜，倒映着皑皑雪山与湛蓝天空，裂缝中透出的湖水宛如翡翠，美得令人窒息。漫步黄金海岸，脚下是松软的积雪，远处的雪山在阳光照耀下闪烁着圣洁光芒。景区内的七色海、药池沸泉等景点也别具韵味，七色海湖水随天气变幻色彩，药池沸泉的热气在寒风中升腾，为冬日增添了几分温暖。此外，这里还有雪上自行车等丰富的冰雪项目，让你尽情享受冬日乐趣，是冬季旅游的绝佳选择。,康定木格措景区,210556809、210557852
995,2,2,很不错，风景优美,噶丹松赞林寺、康定木格措景区,210260926、231573847
996,2,1,景区风景秀丽，景区安排合理，交通车不排长队，比较方便，泡脚去乏，也可休息，水温合适,康定木格措景区,194933355、194933327
997,2,1,还可以的、景区环境好 风景优美 推荐游玩,康定木格措景区,191820644、191820630
998,2,1,服务特别好，前台小姐姐很热情 ，客房服务员态度也很好，也很干净。性价比很高，值得推荐。第二天的早餐也很不错，整体来说很满意。价格也很实惠。推荐推荐以后还会入住，店家还给没吃午饭的人送来了水果点心，赞一个！,康定木格措景区,181502080、181502074
999,2,1,风景优美迷人,康定木格措景区,181287539、171526205
1000,2,2,景色美，值得一去,墨石公园景区、康定木格措景区,179643316、694018585
1001,2,2,三天两夜的 川西之行结束了 四人的小团体非常圆满 尤其是司机东哥 服务热情 幽默风趣 驾驶技术过硬一看就是老司机！ 尤其是我们其中几人有高反 为我们忙前忙后 拿药 拿氧气瓶 服务太周到了。不仅欣赏了大草原的美景，也看出了成都人的朴实，实在。希望下次再来成都时还能再遇到东哥！,墨石公园景区、康定木格措景区,179456657、179457175
1002,2,2,性价比极差,南迦巴瓦峰、康定木格措景区,179212092、779374765
1003,2,2,一点都不好玩,奇林峡风景区、康定木格措景区,178593808、175525113
1004,2,2,旅行洗去了成都的炎热，洗去了琐事的烦心，疫情大背景下，能欣赏到川西的美景，感谢眷顾yyds，努力工作，努力生活，期待下一次与美丽邂逅。,墨石公园景区、康定木格措景区,172205894、172205881
1005,2,1,世界是否美好，不在于世界，在于你,康定木格措景区,170323255、170323188
1006,2,2,性价比一般,《文成公主》大型史诗剧、康定木格措景区,167660010、187480441
1007,2,2,值得去，景色美,南迦巴瓦峰、康定木格措景区,167211837、218292572
1008,2,2,总体超赞，景色不错，有趣好玩，性价比高，,布达拉宫、康定木格措景区,166678450、166678808
1009,2,1,景色不错，有趣好玩，总体超赞，性价比高，,康定木格措景区,165962652、165860840
1010,2,2,风景漂亮。,巴塘措普沟景区、康定木格措景区,164938475、228579037
1011,2,2,有趣好玩，性价比高，景色不错，总体超赞，,大昭寺、康定木格措景区,164865408、165531364
1012,2,2,体验很好，有趣好玩，景色不错，值得推荐，,噶丹松赞林寺、康定木格措景区,164119933、163651048
1013,2,2,景色不错，有趣好玩，值得推荐，,墨石公园景区、康定木格措景区,163978373、164218184
1014,2,1,门票略贵，景点比较分散，比较单一,康定木格措景区,161466965、161466592
1015,2,1,观光车直接拉倒顶，如果体力允许建议从上面慢慢沿栈道走下去，栈道比较梯步比较平缓，慢慢走也不算很累，一路有蓝天、远处的雪山、近处的清溪、色彩斑斓的树林，非常漂亮,康定木格措景区,161440654、161440160
1016,2,1,景区可以看雪山，自然风光：湖泊，高山⛰️。感叹大自然的力量，风景还是很美。但是感觉旅游价值不得多高。 路还在修，国庆堵车严重。,康定木格措景区,161346663、161346476
1017,2,1,景区规划的很好，山顶景色冷峻，随着下山逐步&quot;暖和&quot;起来，适合喜欢大自然的朋友！观景栈道推荐尝试，挂在树上的诗句木牌很有诗意！,康定木格措景区,161339648、161339146
1018,2,2,古格王朝红殿位于古格城堡北侧山坡台地，是城堡中面积较大的建筑。殿内的柱子由方木榫卯相接，柱头托木上浮雕精美。其壁画题材丰富，有佛传等内容，北壁壁画还分上下排列着众多小像。红殿的天花板彩绘图案构图较为自由。它是古格王国佛教建筑的代表，承载着丰富的历史文化内涵，见证了古格王朝曾经的辉煌。,古格王朝遗址-红殿、干尸洞,213393825、213393349
1019,2,1,布达拉宫广场是世界上海拔最高的城市广场，拉萨许多重要的活动都在此举行。站在广场上仰望布达拉宫，你更能体会到它雄伟、神圣的一面。 如果说白天的广场让你震撼，那这里的夜景则让你看见它略显柔情的一面。灯光的照射下的布宫别有风情，广场上的音乐喷泉也颇有情调，还有许多人随着音乐一齐跳舞。,布达拉宫广场,172977764、172695784
1020,2,1,布达拉宫广场是世界海拔最高的城市广场，位于西藏拉萨市布达拉宫正对面，是西藏自治区政府和拉萨市重要的活动场所，也是中外游客集中观光的旅游景点之一，是一座融休闲、文化、集会等多功能为一体的现代化广场。 这座广场也是世界文化遗产——布达拉宫的重要组成部分。,布达拉宫广场,167590421、166212582
1021,2,2,布达拉宫广场是世界海拔最高的城市广场，位于西藏拉萨市布达拉宫正对面，是西藏自治区政府和拉萨市重要的活动场所，也是中外游客集中观光的旅游景点之一，是一座融休闲、文化、集会等多功能为一体的现代化广场。这座广场也是世界文化遗产——布达拉宫的重要组成部分。广场音乐喷泉、西藏和平解放纪念碑、从布达拉宫上看到的广场全景。天色已晚，夜幕下的广场，从广场看对面的布达拉宫，更具别样风景。夜晚的喷泉映衬着布达拉宫，更加雄伟壮观。,布达拉宫、布达拉宫广场,165555433、165555445
1022,2,2,布达拉宫广场是世界海拔最高的城市广场，位于西藏拉萨市布达拉宫正对面，是西藏自治区政府和拉萨市重要的活动场所，也是中外游客集中观光的旅游景点之一，是一座融休闲、文化、集会等多功能为一体的现代化广场。,布达拉宫、布达拉宫广场,163309352、165568987
1023,2,2,很好，不错,南迦巴瓦峰、布达拉宫,826325221、217772857
1024,2,2,讲解很细致,大昭寺、布达拉宫,812971629、178611889
1025,2,2,非常好，超预期！,大昭寺、布达拉宫,806125608、806125384
1026,2,2,服务热情周到,大昭寺、布达拉宫,796554802、167354294
1027,2,2,建筑很有特色,噶丹松赞林寺、布达拉宫,785976451、177394217
1028,2,1,体验感特别差，陪同父母来，平台还把老人单独分开，并且不接受任何调解跟协商,布达拉宫,778473942、778473662
1029,2,2,挺好的，很不错,噶丹松赞林寺、布达拉宫,778591136、181713083
1030,2,2,好的好的好的,巴塘措普沟景区、布达拉宫,777638058、218143591
1031,2,1,导游讲解非常好,布达拉宫,776550888、215583579
1032,2,1,布达拉宫值得一游,布达拉宫,769164138、769163816
1033,2,1,导游认真负责,布达拉宫,769330584、178171924
1034,2,1,导游很不错,布达拉宫,752163693、218151690
1035,2,2,体验感很棒,大昭寺、布达拉宫,748367026、748366774
1036,2,2,不错不错真不错,巴松措、布达拉宫,721725495、721727294
1037,2,1,解说专业，值得推荐,布达拉宫,709066030、709065631
1038,2,1,导游人很好,布达拉宫,689011548、219321383
1039,2,1,还不错的体验,布达拉宫,686740405、686740111
1040,2,2,很好很美丽,巴松措、布达拉宫,675240756、675239552
1041,2,1,贾导讲解非常好,布达拉宫,657050934、657050619
1042,2,2,有机会再去玩,南迦巴瓦峰、布达拉宫,243490661、243490577
1043,2,2,各方面都挺好的！,噶丹松赞林寺、布达拉宫,229701102、168273208
1044,2,1,小样导游讲解好,布达拉宫,227540440、219321838
1045,2,1,谭导讲解服务非常棒,布达拉宫,227040556、217003081
1046,2,1,谭导讲解服务好,布达拉宫,226857821、223087418
1047,2,1,讲解挺好的,布达拉宫,226854076、215147570
1048,2,2,很好，非常好,巴松措、布达拉宫,226710373、218307258
1049,2,1,谭导非常棒啊,布达拉宫,226386385、222654034
1050,2,1,讲解详细易懂,布达拉宫,224246975、217735659
1051,2,1,讲解非常到位,布达拉宫,224098995、179703350
1052,2,1,讲解很专业,布达拉宫,220094099、211690116
1053,2,2,导游认真负责。,小昭寺、布达拉宫,220005542、727687283
1054,2,1,杨导游非常耐心，讲的很细致。处处照顾团友。,布达拉宫,219863386、219863316
1055,2,1,很棒很专业,布达拉宫,219863344、219863288
1056,2,1,拉姆讲解非常好,布达拉宫,219697500、211089110
1057,2,2,导游很细心,大昭寺、布达拉宫,219067682、165655810
1058,2,2,很好很方便,墨石公园景区、布达拉宫,218807555、191198351
1059,2,1,讲解的非常好,布达拉宫,218358834、216842606
1060,2,1,小样导游讲解好，服务好,布达拉宫,218133007、217205948
1061,2,2,导游讲解不错！,大昭寺、布达拉宫,217616204、166395820
1062,2,1,讲解非常细致,布达拉宫,217034819、210770820
1063,2,1,导游很耐心,布达拉宫,216748687、214608430
1064,2,1,非常满意很开心,布达拉宫,216114298、216114235
1065,2,1,解说非常好,布达拉宫,216113451、181941035
1066,2,2,很好的讲解,大昭寺、布达拉宫,214434032、163405410
1067,2,1,导游专业，讲解的非常好,布达拉宫,210395179、210395151
1068,2,2,导游非常好！,大昭寺、布达拉宫,209474903、166697566
1069,2,2,这里值得一去,奇林峡风景区、布达拉宫,178745092、230814340
1070,2,1,不允许退订，简直是抢钱！一定在网上给你们宣传宣传，黑心缺德到家了！向所有人宣传，一定不能定你们的票！以后不会用携程了！以后不去西藏了！,布达拉宫,178290721、178290684
1071,2,1,我们有一个75岁老人，王导一路搀扶，照拂有加，老人非常感动！王导的讲解也非常专业、详实，对布达拉宫和西藏历史可谓了如指掌，必须好评！,布达拉宫,177673398、177673434
1072,2,1,特别好，玩的很开心😃😄 王导也特别细心，非常满意👍！！,布达拉宫,177641642、177641599
1073,2,1,一步一个坑，天天上一当，当当不一样，不要在这里买票，直接去门口在导游买，又便宜一半多，又不用提前那么久买，在这里买，参观时间，用什么导游的都是他们说了算，多次沟通都没用，他们给我们安排的时间我们来不及到不了，没有进去参观，5个人3000多的钱票也退不了，这次的西藏游旅游，太糟糕了，希望大家能引以为戒。,布达拉宫,177569499、177569511
1074,2,2,讲解到位。,大昭寺、布达拉宫,177561810、167728954
1075,2,2,值得一去，太美了！,墨石公园景区、布达拉宫,167460593、178227527
1076,2,1,大家别在携程买布达拉宫的门票了，自己预约下门票其实只要200元。携程卖388元，多出来的188是导游费，具体情况是这样的，你买的这个票就是和其他人拼团。10个人左右，有可能更多。我们一直以为1880导游服务态度会很不错，讲解也会很到位。结果就是心凉透了，失望透顶。就带着我们随便逛了一圈 1个半小时。这收费，钱也太好赚了。,布达拉宫,166999726、166928977
1077,2,1,携程订票真的非常方便快捷~出票又快~价格也优惠~安全有保障~值得信赖！,布达拉宫,166973716、166973703
1078,2,2,景色不错，总体超赞，有趣好玩，,大昭寺、布达拉宫,166844896、164881516
1079,2,1,布达拉宫是雪域高原上最神圣的宫殿，在这座世界上海拔最高、最雄伟、最具传奇色彩的宫殿里，珍藏着藏族文化的精髓。公元641年吐蕃松赞干布在玛布日山上兴建布达拉宫，据说是为了迎娶来自长安的文成公主，那时的布达拉宫远没有现在的宏伟姿态。布达拉宫也在不断建造的过程中，逐渐成为由宫殿、佛堂和灵塔组成的无可超越的建筑群。,布达拉宫,166577819、162958899
1080,2,1,都挺方便的。,布达拉宫,166489984、166489959
1081,2,1,我们这趟一共8个人，特意选择贵一些的少人团，就是为了听解说容易一些，但导游非要我们多花20元租个耳机，说人多会听不清楚，就我们几个人哪会听不到？无语，不爽。沿路听到别的导游说得生动有趣，我们的导游小张不咋滴，带着走马观花似的，而且感觉她对布宫的情况不太熟悉，总体很一般。,布达拉宫,166231770、166231754
1082,2,1,还是很一般,布达拉宫,165283561、165283539
1083,2,2,就是人太多了,噶丹松赞林寺、布达拉宫,164699551、220462943
1084,2,2,体验不佳，性价比低，,大昭寺、布达拉宫,163941797、163901019
1085,2,2,惊险刺激风景好,巴松措、巴松措休闲水上运动中心,229195569、229195611
1086,2,2,好！！！！！,大昭寺、巴松措,811410895、174659498
1087,2,1,还不错吧！！！,巴松措,803536266、803536091
1088,2,1,比*团有优惠。可以玩多天，就很划算！,巴松措,790718608、790718573
1089,2,1,好好好好好好好好好好好好好好好好好好好好好好好好好好好好好好好,巴松措,782157545、782157363
1090,2,1,非常一般般。环境啊都很一般,巴松措,777882806、777882652
1091,2,2,比较值得去,噶丹松赞林寺、巴松措,766450658、221181276
1092,2,1,景区管理的还是有些问题，首先售票处非常慢，排半个小时左右的队，才能买到票，而且在网上买了票，出了*音平台外，都需要换票，不科学。去遗忘码头，就给20分钟时间，最主要的是，五A级景区，位置最好的地方，都被私人占有，需要另付费才能拍到景色。希望有关部门能出来管管。,巴松措,764712026、764711683
1093,2,1,巴松措风光绝美，翡翠湖水搭配雪山林海，拍照出片。湖心古寺人文底蕴浓厚，达切拉观景台全景视野绝佳。路况良好，游玩轻松不累，高反压力小。318自驾必经之地，强烈推荐。,巴松措,742711747、742752613
1094,2,1,巴松措风景名副其实的西藏秘境，湖水碧绿、雪山环绕，环湖徒步体验绝佳（开了好长一段搓衣板路，在新措徒步），电子票直接扫码入园，开车来需要提前登录车牌号，记得告诉酒店安排，司机也得买票。但入园流程顺畅，景区生态绝佳，来林芝必打卡。,巴松措,716122317、716123836
1095,2,1,巴松措是镶嵌在林芝群山间的一块碧玉。湖水是深邃的蓝绿色，清澈见底，倒映着终年积雪的雪山与茂密森林。乘船游湖，清风拂面，心旷神怡。湖心岛上的错宗工巴寺古朴宁静，为这片仙境增添了几分神圣。栈道环湖，徒步轻松，处处是景。这里是洗涤心灵、感受自然之美的绝佳之地，不虚此行，强烈推荐！,巴松措,688063167、688064133
1096,2,2,好好好好好好好好好好好好好好好好好好,《文成公主》大型史诗剧、巴松措,687293811、681146320
1097,2,1,巴松措很美很美,巴松措,673108577、664580694
1098,2,2,还不错..,噶丹松赞林寺、巴松措,670649274、211234444
1099,2,2,门票太贵了,噶丹松赞林寺、巴松措,648497788、221020465
1100,2,1,值得一看的美景,巴松措,643236938、222758362
1101,2,1,还行，风景不错,巴松措,245845608、245845412
1102,2,1,值得一去，高原上的绿宝石,巴松措,227144240、227144149
1103,2,1,蓝天绿水，环境不错,巴松措,223982620、223982564
1104,2,1,果然是传说中最差的5a，想要开车进来去白朗沟、新措这些地方必须买门票，而且还要在里面住宿，交60块钱住宿押金找民宿老板退钱，如果你不想住就只有定一个民宿可以取消的那种，然后这60块钱白扔出来以后再去花50块钱补观光车票，等于说买120的门票还要再多交百多块钱才能把车开进去，当天出来。 景区里面也到处让你消费，总之就是没钱别玩,巴松措,222566114、222566093
1105,2,1,👍🏻👍🏻👍🏻👍🏻👍🏻👍🏻👍🏻👍🏻👍🏻👍🏻👍🏻👍🏻👍🏻👍🏻👍🏻👍🏻👍🏻👍🏻👍🏻👍🏻👍🏻👍🏻👍🏻👍🏻👍🏻👍🏻👍🏻👍🏻👍🏻👍🏻👍🏻👍🏻👍🏻👍🏻👍🏻👍🏻👍🏻👍🏻👍🏻👍🏻👍🏻👍🏻👍🏻👍🏻👍🏻👍🏻👍🏻👍🏻👍🏻👍🏻👍🏻👍🏻👍🏻👍🏻👍🏻👍🏻👍🏻👍🏻👍🏻👍🏻👍🏻👍🏻👍🏻👍🏻👍🏻👍🏻👍🏻👍🏻👍🏻👍🏻👍🏻👍🏻👍🏻👍🏻👍🏻👍🏻👍🏻👍🏻👍🏻👍🏻👍🏻👍🏻👍🏻👍🏻👍🏻👍🏻👍🏻👍🏻👍🏻👍🏻👍🏻👍🏻👍🏻👍🏻👍🏻👍🏻👍🏻👍🏻👍🏻👍🏻👍🏻👍🏻,巴松措,222588549、217551902
1106,2,1,在里面住上2晚，自驾去新措是不错的选择。,巴松措,221713129、221713045
1107,2,1,虽然号称必打卡，但性价比不高。门票＋车有点贵。,巴松措,220802835、220802786
1108,2,1,非常好看啊,巴松措,218873516、218873257
1109,2,1,蓝天白云、青山绿水！,巴松措,216625809、216625739
1110,2,1,门票110，区间公交车100~就是要你花钱，不然去不了~纳木措湖还是非常美值得一去的~湖水和大海的颜色一样，惊艳极了~公交车师傅也比较有趣~ 一个湖分成两段在不同的县城，所以要收两次费用~南岸线和北岸线~,巴松措,215849488、215849117
1111,2,1,非常好，景色好看,巴松措,215386417、215386480
1112,2,1,不错的样子,巴松措,210964314、210964405
1113,2,1,【巴松措 | 藏东秘境中的蓝眼泪】   镶嵌于海拔3480米的雪山峡谷间，巴松措如一粒晶莹蓝宝石，湖水随光影变幻出翡翠、松石般的色调。环湖古杉蔽日，远处终年积雪的杰青那拉嘎布峰倒映湖面，圣洁而空灵。沿木质栈道漫步，可探访湖心扎西岛千年古寺，或深入错高村感受工布藏族风情。雨季云雾缭绕时，恍若闯入仙境。建议春秋季前往，避开雨季泥泞路况，无人机航拍更可解锁上帝视角的震撼层次感。,巴松措,206070446、206070460
1114,2,2,整体还不错。,《文成公主》大型史诗剧、巴松措,197632583、164774069
1115,2,1,里面不错，外面一般呢,巴松措,194206251、194206230
1116,2,2,值得一来的,噶丹松赞林寺、巴松措,193461878、181859355
1117,2,1,太棒的景点,巴松措,192052526、192052498
1118,2,2,很好，风景不错,奇林峡风景区、巴松措,191272845、176245590
1119,2,2,没什么亮点,奇林峡风景区、巴松措,187893112、179060371
1120,2,1,非常漂亮的景区，一汪翠绿的湖水，非常值得一来！,巴松措,187326714、187326700
1121,2,1,景色非常漂亮，适合家庭出游，公司团建，住宿和交通也非常方便，氧气充足，适合全身心的放松，再往新措里面去，简直就是世外桃园,巴松措,187267620、187267641
1122,2,2,非常不错的旅行体验,巴塘措普沟景区、巴松措,187174786、221028753
1123,2,1,景区值得游玩,巴松措,186402798、186402763
1124,2,1,其实整体来说，巴东错应该是个不错的景区，可是里边儿的开发实在是太乱，门票+景交165了，但是就去三个点儿，第一个点儿停的时候还有时间，不走的话，大巴车自己开走！而且其他几个点儿看的也一般，没有把巴中错的美突出来，其实巴松错的美，在于除了是从核心景区之外在里边儿住几天可以到新措，不花钱进入新措的，反而欣赏到了巴中挫和新措的美。建议喝川西的不错不够，我一样可以自驾车开进去才能体现到美，错里边儿的请求车不能花钱，而且更能欣赏不到他的美。就那一会时间,巴松措,183887593、183887572
1125,2,1,还行。。。。,巴松措,182004910、182004741
1126,2,2,景区环境优美,世界柏树王园林、巴松措,181386794、194687319
1127,2,1,景色很美啊,巴松措,181242143、181242136
1128,2,2,还是值得一看,噶丹松赞林寺、巴松措,180273102、676686858
1129,2,1,很方便，买了票直接刷身份证到窗口换票，景区人少，景美，特别是几个小措，深得我心，这个是个藏在深山幽谷之中的神山神水，还碰到一个帅气的喇叭和我说，扎西德勒,巴松措,178837474、178837481
1130,2,1,从拉萨自驾过去大概4个小时多一点点，总体来说景色还是可以的，这里的水碧绿清澈，跟九寨沟的景色类似，但没有九寨面积那么大。,巴松措,178254926、178254952
1131,2,1,劝你善良，恶毒的人，拜什么佛都保不了你，带两位老人游林芝，被旅行社司机赶下车，首先买的景区往返车票，早上上车才知道被携程安排进旅游团，本来有充分的时间游玩巴松措，却因为旅游团行程游玩时间被压缩，这样已经不满意了，后旅行团要去卡定沟，来到里景区数百米的售票处，就一个亭子（都没到游客中心，也不是检票处）因其中一位老人劳累，身体不适，不打算进景区内游玩，我问司机不去怎么办，可以在车里休息吗，司机说不去就在售票处这里下车，旁边荒地里等着，等别人玩完，再来接，被司机要求下车，在景区外数百米荒地里等着。我陪同宁一位想去的老人进去了，车从售票亭开进去其实只有一小段路，我这时才真正发现司机的恶毒，这个距离的路程，不能让老人在游客中心或者车上休息等着吗吗！！！司机到了景区外，完全不理我们这几个散客，明明景区有自带讲解也避开我们，只把他那11个人拢在一起，问他什么时候集合，也冷着脸不耐烦，因为我们只买车票，无法在网上给司机评价，司机全程都无视我们，这同时也是携程的错，有乘客迟到半小时，司机怕别人打差评，都不敢打电话崔一声，太恶心了。我们快速游览玩，本来也就一小景点，我就马上去景区外售票处陪老人了，看着老人,巴松措,178184921、178184849
1132,2,1,165一个人，景观车10分钟左右到里面，入口有人唱歌，以为是表演节目，实际是顾客花50元自弹自唱，给30秒拍照项目。有一个寺庙，30分钟走完，其他就是坐船再花钱，或者顶着大太阳在湖边走一走。不值得165元，不推荐。,巴松措,177785053、177785043
1133,2,1,巴松措又名措高湖，藏语中是“绿色的水”的意思，长约18公里，湖面面积约27平方公里，最深处达120米，湖面海拔3480米。位于距工布江达县巴河镇约36千米的巴河上游的高峡深谷里，是红教的一处著名神湖和圣地。,巴松措,177566139、164454611
1134,2,1,游船150元/人，但因为游客少，我们等了半天都没人坐船，咨询游船售票处的女工作人员，说帆船规定10个人才可以开船，于是我们两个人买了十张船票，付了1500元，但售票处工作人员仍然不给我们开船，说两个人必须包船，要付3000元才开船，此人差评,巴松措,177394229、177394990
1135,2,1,取票很方便,巴松措,177403253、177403238
1136,2,1,景观优美，值得推荐,巴松措,175848244、175848225
1137,2,1,应该是全网最低票价了，也值得一去，就是有点小累，离拉萨还有那么远距离。,巴松措,175561672、175561654
1138,2,2,非常不错，值得推荐,墨石公园景区、巴松措,175518167、207434697
1139,2,1,湖很漂亮👍🏼👍🏼,巴松措,175372889、175372885
1140,2,1,根本不该有大巴服务,巴松措,174428251、174428238
1141,2,2,景色一般吧,墨石公园景区、巴松措,172075916、220842329
1142,2,1,看携程上排名第一…还以为多好玩呢 来了就一点可以玩的 坐大巴车就两站 都是来看新措的 结果整修封起来了…园区耶不说清楚 不仔细玩只坐车看景的话…也就半个小时就玩完了…总之很失望 没事啊玩的 不会再来了,巴松措,171539256、171539254
1143,2,1,期待下一次旅行,巴松措,166957801、166957789
1144,2,1,很方便，没有坑，提前订还是更便宜的~ 巴松措正常的游览顺序是先乘坐景区观光车，最后会送到湖心岛游船码头，乘坐游艇（快艇）往返两个岛，拍拍照，欣赏一下美丽的湖光山色，好不惬意！运气好的话，还会赶上快艇司机带你飞，真的是坐着快艇飞起来！爽！顺便提一句，巴松措景区不亏是西藏当地最早的5A级景区，景区设施齐备完好，路况也好，服务人员态度也不错，值得游览一番！,巴松措,161470683、161470396
1145,2,1,我只能说：措普沟绝对是格聂南线被严重低估的重点景点！,巴塘措普沟景区,778881398、778880768
1146,2,1,风景秀丽！,巴塘措普沟景区,754497150、754496128
1147,2,1,杭州援建的县推出门票打折政策真的很贴心，本来还在犹豫要不要去，到了景区发现风景确实不错，配套也完善，体验感很好，值得去！,巴塘措普沟景区,734453455、734453399
1148,2,1,冬游措普沟，别一番风味。,巴塘措普沟景区,628095392、628095077
1149,2,1,措普沟素有“小九寨”的美称，风景还是不错的，值回门票吧,巴塘措普沟景区,229114957、229114929
1150,2,2,非常好看的,《金城公主》演出、巴塘措普沟景区,228830554、162995813
1151,2,2,非常好的景区,噶丹松赞林寺、巴塘措普沟景区,225120344、174939712
1152,2,1,超级绝美的地方,巴塘措普沟景区,224397720、224397762
1153,2,2,景色宜人,南迦巴瓦峰、巴塘措普沟景区,219726851、784829809
1154,2,1,措普沟属于此次行程的意外之喜了，不但买了自己的门票还包了领队的门票。进去之前完全没有预期，进入以后觉得还是值回票价的，河滩草甸雪山，寺庙，湖…景色非常美，但是要赶天气好才能领略到各种美景，可遇不可求。下次还会来，推荐游玩～,巴塘措普沟景区,217968290、217967954
1155,2,1,自驾按每人88元收费，到看湖景和措普寺时免费换乘景区观光车，价格合理，对于自驾游客蛮友好的。景区很大，温泉、草原、雪山、湖泊等元素丰富，唯一遗憾是没看到瀑布在哪。整体景观个人感觉不输那拉提。游客中心到自驾车入口验票处有三段特别颠簸的路能修一修就完美了。,巴塘措普沟景区,217782104、217782237
1156,2,1,虽然冬季游玩，景色打了折扣，但胜在人少，能全程自驾，能自己煮温泉蛋，体验感还是蛮好的。因为天气原因，没看到措卡湖最美的样子，但志玛拥措超级蓝超级美！,巴塘措普沟景区,198534743、198534589
1157,2,1,这个地方可以自驾游是相当nice 的👍👍,巴塘措普沟景区,197971817、197971803
1158,2,1,还不错，景区车开进去转一圈，很美的景色，需要体力绕湖走完一圈，看看藏族人民普通的生活，风景处处都是阿勒泰，随手拍都是蓝天白云，真美,巴塘措普沟景区,194265415、194265163
1159,2,1,门票100，车票90，和沿途318国道风景相比，景区内风景一般，性价比不高，4个小时就游完了，没啥新奇的，专门带孩子看土拨鼠，也看不到。,巴塘措普沟景区,167904614、167904598
1160,2,2,帮朋友买的,墨石公园景区、巴塘措普沟景区,167660228、167660233
1161,2,2,这里景色很美趣味性很强性价比很高,塔公寺、宗角禄康公园,167467743、168331332
1162,2,2,很好，值得推荐,噶丹松赞林寺、奇林峡风景区,223757472、668478700
1163,2,2,非常不错的旅行,冈仁波齐、奇林峡风景区,180834968、183808388
1164,2,2,值得一去，很漂亮,噶丹松赞林寺、奇林峡风景区,178558328、183318353
1165,2,1,风景特别好人文自然景观丰富地处四国边境感受独特藏族文化,奇林峡风景区,177597711、177597721
1166,2,1,风景非常不错。值得过来。携程旅行包,奇林峡风景区,176624792、176624781
1167,2,2,景区一般般,墨石公园景区、奇林峡风景区,175068369、209503211
1168,2,1,这个景点给我太多惊喜：可近距离观看连绵的雪山，沿着木栈道可观赏土林峡谷全貌，由于雪山融化的雪山常年冲刷，形成了奇特的幽深的土林，一个个形状各异的土林拔地而起，细细看来，有些像兵马俑，有些像采药的老人，有的像城堡。如果有时间，你可以慢慢品味，发挥你的想象力。我还是第一次看到这个土林峡谷，与云南石林和张家界的地貌，有点相像，但又不一样，尤其是在西藏，你很难把西藏专属的蓝天白云雪山草甸湖泊冰川寺庙等标志性景点，与土林联系到一起，让你有种喜出望外的感觉！,奇林峡风景区,165498876、164720903
1169,2,2,大昭寺已有1300多年的历史，在藏传佛教中拥有至高无上的地位。大昭寺是西藏现存最辉煌的吐蕃时期的建筑，也是西藏最早的土木结构建筑，并且开创了藏式平川式的寺庙市局规式。环大昭寺内中心的释迦牟尼佛殿一圈称为“囊廓”，环大昭寺外墙一圈称为“八廓”，大昭寺外辐射出的街道叫“八廓街”即八角街。以大昭寺为中心，将布达拉宫、药王山、小昭寺包括进来的一大圈称为“林廓”。这从内到外的三个环型，便是藏民们行转经仪式的路线。,大昭寺、大昭寺广场,177269938、167552029
1170,2,2,大昭寺已有1300多年的历史，在藏传佛教中拥有至高无上的地位。大昭寺是西藏现存最辉煌的吐蕃时期的建筑，也是西藏最早的土木结构建筑，并且开创了藏式平川式的寺庙市局规式。环大昭寺内中心的释迦牟尼佛殿一圈称为“囊廓”，环大昭寺外墙一圈称为“八廓”，大昭寺外辐射出的街道叫“八廓街”即八角街。以大昭寺为中心，将布达拉宫、药王山、小昭寺包括进来的一大圈称为“林廓”。这从内到外的三个环型，便是藏民们行转经仪式的路线,大昭寺、大昭寺广场,163376515、163376590
1171,2,1,很愉快的旅程，导游非常专业，给我们介绍了很多历史知识。,大昭寺,790760475、790759775
1172,2,1,服务不错，配套不错。,大昭寺,189514382、189514165
1173,2,2,非常的完美,噶丹松赞林寺、大昭寺,175438330、823298267
1174,2,2,导游服务态度非常好,南迦巴瓦峰、大昭寺,175414444、204436996
1175,2,1,导游讲解的非常好，如果不找个导游光进去溜达一圈就出来了，因为看不懂。建议买票的时候还是找个导游吧，不然真的看不懂，一会儿就出来了。,大昭寺,171543411、171543379
1176,2,1,导游讲的很好,大昭寺,170816130、165009197
1177,2,2,总体还不错。,墨石公园景区、大昭寺,167273168、187183914
1178,2,2,总体超赞，景色不错，性价比高，,墨石公园景区、大昭寺,166888701、166339443
1179,2,1,耳机还要另外付费。请大家注意。,大昭寺,166820702、166820682
1180,2,1,导游讲解很到位,大昭寺,166233590、164241024
1181,2,1,性价比高，有趣好玩，,大昭寺,166139489、166052230
1182,2,2,总体来说还是很不错的一家景区，以后还会去的。,南伊沟、多吉扎寺,173431383、173042591
1183,2,1,还好还好还好,墨石公园景区,828382017、828381849
1184,2,1,挺有趣味的景点,墨石公园景区,815175950、815175887
1185,2,2,整体感觉还可以,噶丹松赞林寺、墨石公园景区,802811745、177732213
1186,2,1,买了三张甘孜旅游卡，终身年票，我和老婆和孩子每人一张，但是这次川西的游玩并没有去几家，因为路上实在太累了，比如墨石公园。还有几个地方都没进去，有点儿可惜，以后希望再有机会吧。,墨石公园景区,794044987、794045162
1187,2,1,非常好 超级无敌好 好的不能再好,墨石公园景区,787251445、787251123
1188,2,1,景色中规中矩，出来之后往道孚方向，在路边基本也能看到主要景观。环境就比较糟糕了，脏。服务基本没有。,墨石公园景区,778736463、778736799
1189,2,1,没有啥特色,墨石公园景区,766629921、766633008
1190,2,1,团购很方便，出票很快，身份证入场。,墨石公园景区,761538583、761537085
1191,2,1,很有特色的地方,墨石公园景区,755659892、755659619
1192,2,1,方便，快捷,墨石公园景区,753106558、164613510
1193,2,1,山上的一片黑石，不过有小孩喜欢的土拨鼠也算是加分了。,墨石公园景区,751128288、751138277
1194,2,1,景色还行，带着平常心去走一趟吧,墨石公园景区,731532579、731532460
1195,2,1,总体环境不错,墨石公园景区,719645998、719645431
1196,2,1,性价比太差了，套路营销，进门说有观光车，观光车就送一小段，剩下推销骑马，不骑马就得走1个多小时，本身高原反应，一走更厉害。强烈不推荐。,墨石公园景区,704385753、704385599
1197,2,1,别骑马别骑马,墨石公园景区,689710092、689709924
1198,2,2,还是值得一去,冈仁波齐、墨石公园景区,659410263、195524694
1199,2,1,好的好的👍,墨石公园景区,632588517、632588384
1200,2,1,还可以，拍照很出片,墨石公园景区,243122174、164559709
1201,2,1,拍照很出片！,墨石公园景区,238203491、229273927
1202,2,1,适合拍照的景区,墨石公园景区,238060299、238060236
1203,2,1,景点硬件设施齐全首先体现在交通设施上。许多知名景点都配备了便捷的交通网络，无论是公共交通还是内部交通设施都相当完善。例如巴黎的埃菲尔铁塔，在周边有多个地铁站，方便游客从城市的各个角落快速抵达。同时，景点内部还有观光小火车或者电瓶车等设施。这些交通设施的存在，大大提高了游客的出行便利性。游客无需在路途上花费过多的时间和精力，能够更好地享受景点的魅力。据统计，交通设施完善的景点游客满意度相较于交通不便的景点高,墨石公园景区,234588005、234588047
1204,2,1,凭身份证入门，方便，不用换票,墨石公园景区,234196621、234196656
1205,2,1,服务态度差得不是一地，逼着你买观光车票。关键是就那点路，就是故意设置收费！,墨石公园景区,233248198、233248317
1206,2,2,值得打卡！,噶丹松赞林寺、墨石公园景区,229014934、678856823
1207,2,1,看到了土拨鼠，也算是一种收获，从高处拍全景的时候也满震撼的。,墨石公园景区,228185924、228186008
1208,2,2,总体还行吧,南迦巴瓦峰、墨石公园景区,227771629、791169240
1209,2,1,简洁好用，方便~,墨石公园景区,223754728、223754714
1210,2,1,好非常好特别好,墨石公园景区,223218668、223218689
1211,2,2,很好，景色很美,噶丹松赞林寺、墨石公园景区,220700222、179785945
1212,2,1,浏览体验感很好,墨石公园景区,220667434、220667357
1213,2,1,"特别的地方,我们喜欢那里,看起来像月亮",墨石公园景区,220481178、220480961
1214,2,1,话说门票这么贵，连个厕所都整不干净。另外虽然很多垃圾是游客扔的，但是直接摆烂留在景点里面也不太好吧，影响观景的心情,墨石公园景区,220505713、220505643
1215,2,1,景点舒服的,墨石公园景区,218968786、218968590
1216,2,1,没有太多特色,墨石公园景区,218314832、218314734
1217,2,1,收费高，不值,墨石公园景区,217444613、217444564
1218,2,1,墨石公园景色名不虚传，仿佛到了外星世界，无论什么季节来玩都各有特点，绝对不虚此行。非常值得游玩。,墨石公园景区,215455962、215455920
1219,2,1,🎈墨石公园，一个让人仿佛置身异域星球的地方，真的太值得一去啦！  踏入景区，犹如走进了一个神秘的墨色世界，灰色调的糜棱岩石林形态各异，尖棱状、刀刃状、石墙、石柱等，让人不禁感叹大自然的鬼斧神工。这里的石林还会变色，随着季节和天气变化呈现出不同色彩，十分神奇。沿着木栈道漫步其中，既能近距离感受石林的独特魅力，又能在高处俯瞰全景，随手一拍就是大片。  景区配套方面，虽然有交通车接送节省体力，但景区内厕所较少，希望能有所改善。此外，周边还有草原、雪山等景观，风景壮美。总体来说，墨石公园以其独特的地质景观和奇幻氛围，给游客带来了难忘的体验，是川西之旅中不容错过的打卡点。,墨石公园景区,211691789、211691824
1220,2,1,景色可以，就是价格偏贵，总体来说还行！当天出太阳，整体拍摄效果比较好！,墨石公园景区,210835423、210835388
1221,2,1,无人机拍了很多，值回票价，地貌确实很漂亮,墨石公园景区,209669377、209669391
1222,2,1,阴天去更出片，三小时左右逛完,墨石公园景区,209182296、209182219
1223,2,1,四川甘孜墨石公园：拥有壮美草原、婉约湿地、奇幻墨石、特色民居、高原花海、金色彩秋、白塔圣寺、日出日落八大奇观。“春赏格桑夏避暑，秋观彩林冬踏雪”是一年四季风光的特色，而绵延在鲜水河断裂带上的墨石天然景观更为世人向往，被誉为“中国最美景观大道第八美”。 眺墨石公园，观山中存海，波涛万顷；近墨石公园，仰山石竦峙，变幻雄奇；入墨石公园，现世隐退宛如异域，唯星空依旧。公园群峰汇聚，万塔林立，峥嵘起伏，重峦叠嶂，景象万千，如同精心制作的盆景。身临其境、深感目不暇接，令人留连往返；有的像白鹿望天，有的似猛虎下山，有的仿佛猕猴酣睡，石柱、石笋、石蘑菇、石莲花更是千姿百态、栩栩如生，真是犹如童话迷宫。景区有着全世界独有的糜棱岩石林，它是由于远古时海底的水成岩随地壳的运动逐渐上升，被力量强大的地应力挤碎，之后被风雨侵蚀而成，在世界上也极为罕见。其独特的地质构造被专家学者称之为“中国地质百慕大”。,墨石公园景区,196400548、196400527
1224,2,1,煤炭公园，拍拍帅照，打卡还可以，游玩时间其实很短，景区内骑马性价比不高，徒步走走完全不费事。在墨石公园拍cos的也很多，山坡上还有马🐴，不过不要靠太近。一定要有一个拍照技术可以的搭子一起去，不然心累,墨石公园景区,195872902、195873028
1225,2,1,很不错的地方，风景一个字美美美美美美美美美美美美美美美美美美美美美美美美美美美美美美美美美美美美美美美美美美美美美美美美美美美美美美美美美美美美美美美美美,墨石公园景区,181010904、181010878
1226,2,2,总体感觉一般,《文成公主》大型史诗剧、墨石公园景区,179700393、215041359
1227,2,1,景区不错的,墨石公园景区,179447321、164905004
1228,2,1,这是一个适合拍照的地方，很容易出片,墨石公园景区,178565773、178565790
1229,2,1,观光车非常平稳，大家都在欣赏沿途的风景。司机师傅非常热心且认真，在安全行驶的同事为我们介绍沿途的风景！非常美妙的体验！大家来这里一定要坐观光车！,墨石公园景区,178514796、178514789
1230,2,1,门票+观光车80，骑马180，一人花了260，有点坑，景区不大，可看的东西不多，出来时发现从后门进，直接走路就可以到核心景区，不过路两边灰尘滚滚。厕所指示不明显，且卫生条件堪忧，无水冲厕所和洗手。,墨石公园景区,178163358、178163388
1231,2,1,景区服务人员态度极其恶劣,墨石公园景区,178116032、178116009
1232,2,1,抖音带火的网红景点，拍照效果确实还不错，但是游玩趣味性没多大，后门进能省个观光车费，但是要从后门进后门出，前门进不会走回头路能轻松点。,墨石公园景区,177892548、177892442
1233,2,2,还可以的。,《文成公主》大型史诗剧、墨石公园景区,175871473、222484382
1234,2,2,拍照打卡不错,噶丹松赞林寺、墨石公园景区,171670033、175509965
1235,2,1,踏入异域墨石公园，仿佛闯入了外星球的土地，作为中国唯一高原石林景观，集观光、体验、科考、科普价值于一体的多元化景区，每向前行进，总藏着不同的惊喜。山川、草原、湖泊，峡谷深处的枯树与白骨，碰撞出奇妙的火花。爱上这里黑白参半的云朵，骑马飞奔的小女子，与山野高歌，我想说：“中国最美景观大道第八美”，道孚墨石公园，翻山越岭，一定值得！,墨石公园景区,168582200、168002934
1236,2,2,塔公寺是甘孜州著名的萨迦派（花教）寺庙。距今有一千多年的历史，是康巴地区藏民朝拜的一个重要圣地。 在甘孜州，塔公寺与亚青寺、喇荣寺（色达佛学院）是著名的大寺庙。,塔公寺、塔公草原,163278538、165904463
1237,2,1,非常值得一去。,噶丹松赞林寺,799437773、227607192
1238,2,1,很震撼 令人神往,噶丹松赞林寺,779771168、779770846
1239,2,1,红墙为幕，金顶作景，在松赞林寺，感受藏地独有的庄严与浪漫。,噶丹松赞林寺,766473905、766474535
1240,2,1,环境还不错的，去的时候赶上下雨+冰雹了，开车转了一圈，不上山的话转转就挺不错的。,噶丹松赞林寺,758872829、758873172
1241,2,1,门口的检票的人特别好，本来买的90一张的票，他告诉我们只要买成人55，小孩和老人只要27的就行，另外70周岁以上免费。,噶丹松赞林寺,728551041、728550152
1242,2,1,月光之城，不去后悔、去了也就那样！,噶丹松赞林寺,705492208、705491963
1243,2,1,噶丹松赞林寺,噶丹松赞林寺,655099474、174709174
1244,2,1,值得去，整个转下来大概三小时,噶丹松赞林寺,643611711、643611963
1245,2,1,佛国圣地值得下次再来,噶丹松赞林寺,238191038、238190982
1246,2,1,一个非常值得来的景区,噶丹松赞林寺,229229393、229229344
1247,2,1,👍👍👍👍👍👍,噶丹松赞林寺,220194332、220194374
1248,2,1,电子票方便,噶丹松赞林寺,219273713、219273909
1249,2,1,很不错的一次体验,噶丹松赞林寺,218314321、218314237
1250,2,1,一般很一般,噶丹松赞林寺,216186391、195519458
1251,2,1,拍照很出片的,噶丹松赞林寺,210739831、206098467
1252,2,1,太棒的讲解，景区门票还是应该再便宜点，我觉得10元讲解费，门票10元包含往返大巴费用比较合适，这样的话可以让更多的人来到香格里拉.,噶丹松赞林寺,201397764、201397736
1253,2,1,非常值得去的一个景点，讲解员非常好，进去觉得也会觉得虔诚满满！,噶丹松赞林寺,186760148、186760050
1254,2,1,香格里拉藏传佛教胜地，值得一去。,噶丹松赞林寺,179450466、179450468
1255,2,1,🉑️🉑️🉑️,噶丹松赞林寺,172595863、172595872
1256,2,2,还不错，挺好,南迦巴瓦峰、噶丹松赞林寺,171378378、670884936
1257,2,1,物美价廉，适合拍照。对藏传佛有了一些了解。需要爬挺高的石阶，刚到香格里拉高反明显的朋友建议休息好了再过来。拍照很出片。。,噶丹松赞林寺,167364064、167364076
1258,2,1,挺好，挺壮观！,噶丹松赞林寺,167249413、167249412
1259,2,1,下雨，不好拍照，解说员不错,噶丹松赞林寺,167211424、167211422
1260,2,1,还可以的，规模挺大有讲解,噶丹松赞林寺,167102536、167102534
1261,2,1,门票65，摆渡车20，吃相有点难看，故意把停车场跟景区隔开2.4公里，bi大家买摆渡车。 整个景区景色还行，专程来的话不至于，从图片那个路口进去，可以直接到藏尸洞，就不用走大马路了。,古格王国遗址,179450290、179450270
1262,2,2,20220608下午： 1、无公交，需开车前往。导游说卡定沟面积不小，野生动物很多，但因环保保护只开发了一点，当年他参与勘探时都要带着猎枪防身。 2、进门后有左侧木桥、右侧石路共2条主路通向最深处的主要景观“天佛瀑布”，导游带我们走的石路，沿路上途径“酥油灯”（岩石图案像一盏酥油灯）、“班丹拉姆”（佛教女神的名字，岩石形状酷似这位蒙着面纱的女神，位于在天佛瀑布旁），“强巴佛”（岩石形状酷似藏传佛教里的未来佛--强八佛，也在天佛瀑布旁）、“神鹰献宝”（岩石形状酷似一只鹰叼着一颗宝石）等岩石景观，以及“许愿池”（一个有藏文彩绘的小池子，里面飘着不少零钱）、“圣水潭”（一个小水潭，并形成人工瀑布）、狗熊洞（不是景观，是一土洞，问导游后才知道是狗熊洞）。“休闲娱乐区”空空如也啥都没有，但是可以下到河岸玩水。 3、到达中部的“拜佛台”，因为天佛瀑布悬崖上有个天然形成的观音托瓶倒水的岩石图案，因此瀑布被藏民认为是观音宝瓶里倒出的水，而被赋予了宗教意义。因此藏民信徒每年来祭拜并取水都在拜佛台休整，游客在此可自愿花10元祈福。另外，从这里通往天佛瀑布的石梯只能上去不能下来，回来时要从另一边走，佛家里这是有讲究的。 4、再向前经过“飞涧桥”（通往右侧山林步行道的吊桥，另一端连接许愿池，颜值高适合拍照）、“碧竹潭”（被竹林包裹的小谭，潭底铺满竹子落叶，很有意境适合拍照）后到达天佛瀑布。 5、天佛瀑布分上、中、下3个观景台，下方观景台能照到瀑布全貌，大部分游客到这里就止步了；花1分钟上几十级石梯便到瀑布正下方的中观景台，瀑布是沿着几阶石崖分段流下来的，不是倾泻而下，所以不会溅湿衣服。山崖上有金色的藏文；再走几个石阶到上观景台，从上往下可拍到山谷全貌。这里有条向西的小路下到拜佛台，因导游催得紧就没走，遗憾。 6、景区内随处可见石堆，是藏传佛教信徒祈福的方式，导游会告诉大家祈福方法和注意事项，例如只能放单数石子，以及不能拿走石子否则会倒霉等等。 7、穿过出口处的商业摊位后全程结束，用时1小时多一点。西侧和东侧的2条上山小路因时间原因没走，期待有机会二刷时补上。,卡定沟天佛瀑布、卡定沟景区,171081328、171096990
1263,2,2,三月底去林芝看桃花欣赏到了有着“十人九不遇”的羞女峰之称「南迦巴瓦峰」全景，此行真的非常值了。特别是到达当天还阴雨连绵结果第二天早上起来晴空万里，美丽的南迦巴瓦峰揭开了神秘面纱毫无保留的展示在我们的眼前，听向导说早上比晚上更难看到真的是非常幸运。南迦巴瓦藏语意为直刺天空的长矛，是喜马拉雅山脉最东端，巨大的三角形峰体终年积雪非常的壮观。,南迦巴瓦峰、南迦巴瓦峰观景台,166984532、166984530
1264,2,1,购票方便，随买随用,南迦巴瓦峰,784779500、784779248
1265,2,1,体验极差。,南迦巴瓦峰,769643358、769643687
1266,2,1,设施好，服务好。,南迦巴瓦峰,237516056、237515944
1267,2,1,蒙着面纱，像仙子一样若隐若现，导游说见到它的人需要运气！,南迦巴瓦峰,789366908、165329613
1268,2,2,装修非常有风格，分成小区域，挺隐秘的，感觉蛮不错,《文成公主》大型史诗剧、千年核桃王景区,171572949、221711295
1269,2,1,比现场便宜45块,冈仁波齐,171199352、171199343
1270,2,1,在藏语中，“八廓”是“中转经道”的意思。八廓街引又名八角街，位于拉萨市旧城区，是拉萨著名的转经道和商业中心，较完整地保存了古城的传统面貌和居住方式。八廓街原街道只是单一围绕大昭寺的转经道，藏族人称为“圣路”。 现逐渐扩展为围绕大昭寺周围的大片旧式老街区。八廓街是由八廓东街、八廓西街、八廓南街和八廓北街组成多边形街道环，周长约1000余米，街内岔道较多，有街巷35个。八廓街属城关区八廓街办事处，下辖4个居委会，199个居民大院。,八廓街,167575237、166589574
1271,2,1,非常好的体验，欢迎来玩,亚拉雪山风景区,215214098、215214091
1272,2,1,好很好非常好好很好非常好好很好非常好好很好非常好好很好非常好好很好非常好好很好非常好好很好非常好好很好非常好好很好非常好好很好非常好好很好非常好好很好非常好好很好非常好好很好非常好好很好非常好好很好非常好好很好非常好,亚丁村,175235752、175235747
1273,2,1,风景很美，下次还来,亚丁村,171707199、171707175
1274,2,1,到了停车场就有一个女的一直跟着，她在景区的商业街摆摊，推销林芝松茸，买了半斤，后来给藏民辨认是几块钱一斤的鹅蛋菌。投诉到底。,世界柏树王园林,171720589、171720609
1275,2,1,演出很震撼,《文成公主》大型史诗剧,798988380、749836326
1276,2,1,一点都不值得看，全程墨迹拖时间，过程毫无意思,《文成公主》大型史诗剧,779945734、779945755
1277,2,1,拉萨必看的史诗实景演出，看完久久难以平复。整台剧目以群山为舞台、星空为幕布，背靠拉萨河谷天然山体，氛围感独一无二 。 六百多名本土演员同台演绎，真马、牦牛、羊群轮番登场，马队奔腾的场面气势十足。舞美特效十分惊艳，山体灯光投影还原布达拉宫盛景，漫天飞雪、大唐宫阙实景特效，把千年和亲的故事完整呈现出来 。 剧目完整还原文成公主进藏的历史脉络，藏戏、打阿嘎、锅庄舞等非遗歌舞穿插其中，汉藏文化交融的内核十分动人。演员唱腔悠扬，高原夜色之下，氛围感直接拉满。 剧场自驾停车方便，景区配套完善。唯一提醒：高原夜晚气温很低，一定要备好厚外套。 进藏旅行不可错过的文化盛宴，实景效果远超室内演出，非常值得专程前往。,《文成公主》大型史诗剧,742734147、742745193
1278,2,1,非常值得看,《文成公主》大型史诗剧,726451923、711538290
1279,2,1,非常差的一次体验，从内容到体验，歌剧内容很差，不连贯，实在对不起这个票价，交通极其不便，特别是结束后，近1个多小时打不上车，所有的网约车都摇身黑车，我会告诉所有身边的人不要踩这个坑,《文成公主》大型史诗剧,188278707、188278672
1280,2,1,第一次看如此精彩、震撼、大气磅礴的大型实景歌舞剧。延绵的群山做背景，厚实宽阔的大地当舞台，在星空下接近500人的强大演员整容，加之牦牛、马匹、羊群、两条可爱狗狗的出场助阵，让整台节目的视觉冲击达到极致。 我们去看的那晚天公“作美”，当演到文成公主进藏的千辛万苦时，露天剧场突然下大雨，演员们丝毫不受影响，十几个演员在大雨中骑着骏马飞驰，大雨仿似剧情需要而来，观众为之震撼没有一人离开。 舞台好，歌词也棒。文成公主的故事，几度让我感动落泪。,《文成公主》大型史诗剧,178969281、178969321
1281,2,1,舞台效果很好，但不够震撼，演员多，但内容不够丰富。价格觉得稍微有点贵，可能是演员多的缘故吧，建议大家要去看可以住半山酒店，性价比超高200多块钱含双早，新开的，低楼层水小。,《文成公主》大型史诗剧,178606324、178606348
1282,2,1,有过比较之后，发现这个演出一般,《文成公主》大型史诗剧,176465554、176465751
1283,2,1,这个怎么说呢？场景确实宏大，值这个票价，不过就是故事情节太凌乱了，不知道演的是什么，仿佛好像没有故事可以挖掘，硬凑一个小时的时间,《文成公主》大型史诗剧,172622746、172622755
1284,2,1,取票比较麻烦,《文成公主》大型史诗剧,164568892、164568839
1285,2,1,真的超值得看，这是第二次来看了，可惜这次没看到最后就停止了。刚开始入场半个小时左右，下起瓢泼大雨，演出被迫终止，等待了半个小时后继续开演，演了不到10分钟，又开始瓢泼大雨，这次演员们没有暂停，仍然冒雨演出，为她们的敬业点赞。再后来，一个大闪电伴着惊雷，把音响突然打得没声了，这才通知我们离场了。蛮遗憾，没看完。,《文成公主》大型史诗剧,163891728、163891726
