景点名称,URL,失败原因
贡嘎错,https://you.ctrip.com/sight/lhozhag120411/144453341.html,未取到 poiId（无点评或页面无评论模块）
哲古湖,https://you.ctrip.com/sight/qonggyai2439/150023123.html,未取到 poiId（无点评或页面无评论模块）
强钦庄园,https://you.ctrip.com/sight/qonggyai2439/148886203.html,未取到 poiId（无点评或页面无评论模块）
扎西曲登寺,https://you.ctrip.com/sight/shannan339/144196484.html,未取到 poiId（无点评或页面无评论模块）
松赞林景区,https://you.ctrip.com/sight/shangrila106/4206.html,已获取 poiId 但未采集到评论
炯拉措景区,https://you.ctrip.com/sight/banbar120406/153430403.html,未取到 poiId（无点评或页面无评论模块）
打弄冰川,https://you.ctrip.com/sight/basu120403/144473271.html,未取到 poiId（无点评或页面无评论模块）
邦达草原观景点,https://you.ctrip.com/sight/basu120403/148569464.html,未取到 poiId（无点评或页面无评论模块）
丁青寺,https://you.ctrip.com/sight/dengqen2447/1940080.html,未取到 poiId（无点评或页面无评论模块）
香格里拉巴拉格宗风景名胜区,https://you.ctrip.com/sight/shangrila106/4213.html,已获取 poiId 但未采集到评论
澜沧江,https://you.ctrip.com/sight/markam2452/145127661.html,未取到 poiId（无点评或页面无评论模块）
噶丹松赞林寺,https://you.ctrip.com/sight/shangrila106/140686.html,已获取 poiId 但未采集到评论
千年水磨石景区,https://you.ctrip.com/sight/zayu120394/145381062.html,未取到 poiId（无点评或页面无评论模块）
哲古草原,https://you.ctrip.com/sight/comai120410/133528065.html,未取到 poiId（无点评或页面无评论模块）
红拉山,https://you.ctrip.com/sight/markam2452/153333223.html,未取到 poiId（无点评或页面无评论模块）
墨石公园景区,https://you.ctrip.com/sight/daofu1446234/1416437.html,已获取 poiId 但未采集到评论
定结湿地公园,https://you.ctrip.com/sight/dinggye120378/140866538.html,未取到 poiId（无点评或页面无评论模块）
西林观景台,https://you.ctrip.com/sight/dinggye120378/145241144.html,未取到 poiId（无点评或页面无评论模块）
定结县湿地王国,https://you.ctrip.com/sight/dinggye120378/145616184.html,未取到 poiId（无点评或页面无评论模块）
米拉日巴修行洞,https://you.ctrip.com/sight/nyalamcounty2445/143751065.html,未取到 poiId（无点评或页面无评论模块）
独克宗古城,https://you.ctrip.com/sight/shangrila106/77032.html,已获取 poiId 但未采集到评论
巴塘措普沟景区,https://you.ctrip.com/sight/batang3102/136577.html,已获取 poiId 但未采集到评论
新都桥,https://you.ctrip.com/sight/kangding344/43874.html,已获取 poiId 但未采集到评论
石卡雪山,https://you.ctrip.com/sight/shangrila106/110157.html,已获取 poiId 但未采集到评论
海通石林,https://you.ctrip.com/sight/markam2452/144196734.html,未取到 poiId（无点评或页面无评论模块）
纳帕海(依拉草原),https://you.ctrip.com/sight/shangrila106/4211.html,已获取 poiId 但未采集到评论
白水台,https://you.ctrip.com/sight/shangrila106/4204.html,已获取 poiId 但未采集到评论
牛奶海,https://you.ctrip.com/sight/daochengcounty342/43890.html,已获取 poiId 但未采集到评论
梅里雪山国家公园,https://you.ctrip.com/sight/deqin2178/75423.html,已获取 poiId 但未采集到评论
贡嘎宗遗址,https://you.ctrip.com/sight/gongga120408/143737767.html,未取到 poiId（无点评或页面无评论模块）
西藏嘎朗国家湿地公园,https://you.ctrip.com/sight/bome2436/145162321.html,未取到 poiId（无点评或页面无评论模块）
恰青冰川,https://you.ctrip.com/sight/bome2436/130887114.html,未取到 poiId（无点评或页面无评论模块）
亚丁村,https://you.ctrip.com/sight/daochengcounty342/78233.html,已获取 poiId 但未采集到评论
雅弄冰川,https://you.ctrip.com/sight/basu120403/144198384.html,未取到 poiId（无点评或页面无评论模块）
然乌洒列自驾露营地,https://you.ctrip.com/sight/basu120403/145193020.html,未取到 poiId（无点评或页面无评论模块）
属都湖,https://you.ctrip.com/sight/shangrila106/12296.html,已获取 poiId 但未采集到评论
琼波热巴艺术广场,https://you.ctrip.com/sight/dengqen2447/4578303.html,未取到 poiId（无点评或页面无评论模块）
甘孜稻城亚丁景区-仙乃日,https://you.ctrip.com/sight/daochengcounty342/62715.html,已获取 poiId 但未采集到评论
乃查姆玛尼堆,https://you.ctrip.com/sight/dengqen2447/150144772.html,未取到 poiId（无点评或页面无评论模块）
扎西林寺,https://you.ctrip.com/sight/dengqen2447/144197170.html,未取到 poiId（无点评或页面无评论模块）
布迦雪山,https://you.ctrip.com/sight/dengqen2447/153430354.html,未取到 poiId（无点评或页面无评论模块）
卓瓦隆寺,https://you.ctrip.com/sight/lhozhag120411/145110093.html,未取到 poiId（无点评或页面无评论模块）
朗热塔波扎仓寺,https://you.ctrip.com/sight/gongga120408/143740154.html,未取到 poiId（无点评或页面无评论模块）
土旦热麦寺,https://you.ctrip.com/sight/gongga120408/129077.html,未取到 poiId（无点评或页面无评论模块）
飞来寺,https://you.ctrip.com/sight/deqin2178/75433.html,已获取 poiId 但未采集到评论
塔公草原,https://you.ctrip.com/sight/kangding344/14836.html,已获取 poiId 但未采集到评论
碧塔海景区,https://you.ctrip.com/sight/shangrila106/4212.html,已获取 poiId 但未采集到评论
白马雪山,https://you.ctrip.com/sight/deqin2178/4397.html,已获取 poiId 但未采集到评论
独克宗古城-龟山公园,https://you.ctrip.com/sight/shangrila106/128415.html,已获取 poiId 但未采集到评论
塔公寺,https://you.ctrip.com/sight/kangding344/77476.html,已获取 poiId 但未采集到评论
稻城亚丁风景区-冲古寺,https://you.ctrip.com/sight/daochengcounty342/18688.html,已获取 poiId 但未采集到评论
央迈勇,https://you.ctrip.com/sight/daochengcounty342/18703.html,已获取 poiId 但未采集到评论
五色海,https://you.ctrip.com/sight/daochengcounty342/62745.html,已获取 poiId 但未采集到评论
加木红柳湿地公园,https://you.ctrip.com/sight/garcounty120143/145680404.html,未取到 poiId（无点评或页面无评论模块）
狮泉河烈士陵园,https://you.ctrip.com/sight/garcounty120143/145206574.html,未取到 poiId（无点评或页面无评论模块）
阿里地区象雄广场,https://you.ctrip.com/sight/garcounty120143/145886111.html,未取到 poiId（无点评或页面无评论模块）
狮泉河体育场,https://you.ctrip.com/sight/garcounty120143/144198328.html,未取到 poiId（无点评或页面无评论模块）
长青春科尔寺,https://you.ctrip.com/sight/litang3150/144552640.html,已获取 poiId 但未采集到评论
雅鲁藏布江观景台,https://you.ctrip.com/sight/zhanang2451/130368465.html,未取到 poiId（无点评或页面无评论模块）
明永冰川,https://you.ctrip.com/sight/deqin2178/75425.html,已获取 poiId 但未采集到评论
维色寺,https://you.ctrip.com/sight/markam2452/145524661.html,未取到 poiId（无点评或页面无评论模块）
滇金丝猴国家公园,https://you.ctrip.com/sight/weixi1446265/137801.html,已获取 poiId 但未采集到评论
海子山国家级自然保护区,https://you.ctrip.com/sight/daochengcounty342/18695.html,已获取 poiId 但未采集到评论
卓玛拉措,https://you.ctrip.com/sight/daochengcounty342/43889.html,已获取 poiId 但未采集到评论
拉乌山洒咧营地,https://you.ctrip.com/sight/markam2452/145356386.html,未取到 poiId（无点评或页面无评论模块）
香格里拉风景区,https://you.ctrip.com/sight/shangrila106/144195432.html,未取到 poiId（无点评或页面无评论模块）
月光广场,https://you.ctrip.com/sight/shangrila106/1416716.html,已获取 poiId 但未采集到评论
红草地,https://you.ctrip.com/sight/daochengcounty342/50831.html,已获取 poiId 但未采集到评论
卡子拉山,https://you.ctrip.com/sight/litang3150/1713717.html,已获取 poiId 但未采集到评论
西藏羊八井国家地质公园,https://you.ctrip.com/sight/damxung2443/145516316.html,未取到 poiId（无点评或页面无评论模块）
独俊大峡谷,https://you.ctrip.com/sight/lhari120389/144927395.html,未取到 poiId（无点评或页面无评论模块）
达木寺,https://you.ctrip.com/sight/biru120390/5066935.html,未取到 poiId（无点评或页面无评论模块）
洛堆峰,https://you.ctrip.com/sight/damxung2443/5719177.html,未取到 poiId（无点评或页面无评论模块）
西藏美术馆,https://you.ctrip.com/sight/lhasa36/145397299.html,未取到 poiId（无点评或页面无评论模块）
色林错,https://you.ctrip.com/sight/xainza120386/131917380.html,未取到 poiId（无点评或页面无评论模块）
怒江大峡谷,https://you.ctrip.com/sight/fugong1446273/21705.html,已获取 poiId 但未采集到评论
大佛寺转经筒,https://you.ctrip.com/sight/shangrila106/1712902.html,已获取 poiId 但未采集到评论
小中甸花海,https://you.ctrip.com/sight/shangrila106/109891.html,已获取 poiId 但未采集到评论
兔儿山,https://you.ctrip.com/sight/litang3150/5067585.html,已获取 poiId 但未采集到评论
羊卓雍措-萨隆寺,https://you.ctrip.com/sight/gongga120408/4579180.html,未取到 poiId（无点评或页面无评论模块）
卡瓦格博峰,https://you.ctrip.com/sight/deqin2178/4398.html,已获取 poiId 但未采集到评论
古通村,https://you.ctrip.com/sight/bome2436/133946565.html,未取到 poiId（无点评或页面无评论模块）
香巴拉时轮坛城文化博览中心,https://you.ctrip.com/sight/shangrila106/1732596.html,已获取 poiId 但未采集到评论
伍须海,https://you.ctrip.com/sight/jiulong1446247/76567.html,已获取 poiId 但未采集到评论
稻城亚丁-夏诺多吉,https://you.ctrip.com/sight/daochengcounty342/62716.html,已获取 poiId 但未采集到评论
姊妹湖,https://you.ctrip.com/sight/batang3102/1697524.html,已获取 poiId 但未采集到评论
尊胜塔林,https://you.ctrip.com/sight/daochengcounty342/131896601.html,已获取 poiId 但未采集到评论
迪庆藏族自治州博物馆,https://you.ctrip.com/sight/shangrila106/77036.html,已获取 poiId 但未采集到评论
西藏自治区阿里博物馆,https://you.ctrip.com/sight/garcounty120143/145146866.html,未取到 poiId（无点评或页面无评论模块）
古如江寺,https://you.ctrip.com/sight/garcounty120143/142246781.html,未取到 poiId（无点评或页面无评论模块）
芝达布日寺,https://you.ctrip.com/sight/garcounty120143/145200233.html,未取到 poiId（无点评或页面无评论模块）
八美镇,https://you.ctrip.com/sight/daofu1446234/22068.html,已获取 poiId 但未采集到评论
雨崩景区-神瀑,https://you.ctrip.com/sight/deqin2178/75755.html,已获取 poiId 但未采集到评论
孔雀山天心十二湖观景点,https://you.ctrip.com/sight/deqin2178/151277477.html,未取到 poiId（无点评或页面无评论模块）
三江源国家级自然保护区,https://you.ctrip.com/sight/chindu1446316/50054.html,已获取 poiId 但未采集到评论
拉姆央措湖,https://you.ctrip.com/sight/shangrila106/1487368.html,已获取 poiId 但未采集到评论
玉龙拉措景区,https://you.ctrip.com/sight/dege3140/22763.html,已获取 poiId 但未采集到评论
格聂山,https://you.ctrip.com/sight/litang3150/76751.html,已获取 poiId 但未采集到评论
雨崩上村,https://you.ctrip.com/sight/deqin2178/133340.html,已获取 poiId 但未采集到评论
玉树市文成公主纪念馆,https://you.ctrip.com/sight/yushucity1446308/50065.html,已获取 poiId 但未采集到评论
稻城亚丁-冲古草甸,https://you.ctrip.com/sight/daochengcounty342/1509005.html,已获取 poiId 但未采集到评论
鱼子西风景区(鱼子西星空营地),https://you.ctrip.com/sight/kangding344/143166387.html,未取到 poiId（无点评或页面无评论模块）
木雅金塔,https://you.ctrip.com/sight/kangding344/77559.html,已获取 poiId 但未采集到评论
那曲,https://you.ctrip.com/sight/amdocounty120385/145822265.html,未取到 poiId（无点评或页面无评论模块）
黄湖,https://you.ctrip.com/sight/banbar120406/144197156.html,未取到 poiId（无点评或页面无评论模块）
边坝寺,https://you.ctrip.com/sight/banbar120406/5715139.html,未取到 poiId（无点评或页面无评论模块）
奇林峡观景台,https://you.ctrip.com/sight/dinggye120378/145171852.html,未取到 poiId（无点评或页面无评论模块）
朗赛林庄园,https://you.ctrip.com/sight/zhanang2451/145309926.html,未取到 poiId（无点评或页面无评论模块）
雾浓顶观景台,https://you.ctrip.com/sight/deqin2178/128371.html,已获取 poiId 但未采集到评论
勒通古镇·千户藏寨,https://you.ctrip.com/sight/litang3150/134017757.html,已获取 poiId 但未采集到评论
格萨尔王城,https://you.ctrip.com/sight/ganzicounty3156/5706501.html,已获取 poiId 但未采集到评论
雨崩下村,https://you.ctrip.com/sight/deqin2178/133342.html,已获取 poiId 但未采集到评论
德格印经院,https://you.ctrip.com/sight/dege3140/22762.html,已获取 poiId 但未采集到评论
亚青寺,https://you.ctrip.com/sight/baiyu120485/133463.html,已获取 poiId 但未采集到评论
门东寺,https://you.ctrip.com/sight/coqen120146/144198338.html,未取到 poiId（无点评或页面无评论模块）
扎日南木错北岸观景台,https://you.ctrip.com/sight/coqen120146/152787979.html,未取到 poiId（无点评或页面无评论模块）
帕茹错,https://you.ctrip.com/sight/coqen120146/144372461.html,未取到 poiId（无点评或页面无评论模块）
措勤县尼姑寺,https://you.ctrip.com/sight/coqen120146/145484733.html,未取到 poiId（无点评或页面无评论模块）
嘎结古寺,https://you.ctrip.com/sight/yushucity1446308/50063.html,已获取 poiId 但未采集到评论
沱沱河,https://you.ctrip.com/sight/golmud332/147295.html,已获取 poiId 但未采集到评论
鱼子西,https://you.ctrip.com/sight/kangding344/5714236.html,已获取 poiId 但未采集到评论
奔子栏,https://you.ctrip.com/sight/deqin2178/110272.html,已获取 poiId 但未采集到评论
冰湖,https://you.ctrip.com/sight/deqin2178/75776.html,已获取 poiId 但未采集到评论
雾里村,https://you.ctrip.com/sight/gongshan1446282/1713046.html,已获取 poiId 但未采集到评论
扎日南木错南岸草帽山,https://you.ctrip.com/sight/coqen120146/152832596.html,未取到 poiId（无点评或页面无评论模块）
打加错,https://you.ctrip.com/sight/coqen120146/144372850.html,未取到 poiId（无点评或页面无评论模块）
扎日南木错南岸观景台,https://you.ctrip.com/sight/coqen120146/152803038.html,未取到 poiId（无点评或页面无评论模块）
桑木拉达坂,https://you.ctrip.com/sight/coqen120146/152722593.html,未取到 poiId（无点评或页面无评论模块）
夏岗江雪山观景台,https://you.ctrip.com/sight/coqen120146/152883609.html,未取到 poiId（无点评或页面无评论模块）
可可西里山,https://you.ctrip.com/sight/gertse120145/145206910.html,未取到 poiId（无点评或页面无评论模块）
小东湖,https://you.ctrip.com/sight/gertse120145/144372940.html,未取到 poiId（无点评或页面无评论模块）
平山湖,https://you.ctrip.com/sight/gertse120145/144372937.html,未取到 poiId（无点评或页面无评论模块）
小北湖,https://you.ctrip.com/sight/gertse120145/144457502.html,未取到 poiId（无点评或页面无评论模块）
独克宗花巷,https://you.ctrip.com/sight/shangrila106/4333342.html,已获取 poiId 但未采集到评论
东竹林寺,https://you.ctrip.com/sight/deqin2178/12297.html,已获取 poiId 但未采集到评论
尼果寺,https://you.ctrip.com/sight/markam2452/149553446.html,未取到 poiId（无点评或页面无评论模块）
邦达广场,https://you.ctrip.com/sight/basu120403/145203317.html,未取到 poiId（无点评或页面无评论模块）
稻城亚丁-扎灌崩,https://you.ctrip.com/sight/daochengcounty342/50830.html,已获取 poiId 但未采集到评论
仁康古街,https://you.ctrip.com/sight/litang3150/1833193.html,已获取 poiId 但未采集到评论
秋那桶,https://you.ctrip.com/sight/gongshan1446282/1713051.html,已获取 poiId 但未采集到评论
茨中天主教堂,https://you.ctrip.com/sight/deqin2178/4208.html,已获取 poiId 但未采集到评论
岗日托噶寺,https://you.ctrip.com/sight/qushui1446405/145565495.html,未取到 poiId（无点评或页面无评论模块）
秀色才纳净土博览园,https://you.ctrip.com/sight/qushui1446405/151328741.html,未取到 poiId（无点评或页面无评论模块）
理塘草原,https://you.ctrip.com/sight/litang3150/1832076.html,已获取 poiId 但未采集到评论
稻城亚丁风景区-三神山,https://you.ctrip.com/sight/daochengcounty342/1509054.html,已获取 poiId 但未采集到评论
梅里十三塔,https://you.ctrip.com/sight/deqin2178/148724736.html,未取到 poiId（无点评或页面无评论模块）
林芝风情街,https://you.ctrip.com/sight/nyingchi126/150371701.html,未取到 poiId（无点评或页面无评论模块）
巴塘姊妹湖国家湿地公园,https://you.ctrip.com/sight/batang3102/150291579.html,未取到 poiId（无点评或页面无评论模块）
扎龙,https://you.ctrip.com/sight/bome2436/145646394.html,未取到 poiId（无点评或页面无评论模块）
林芝桃花园,https://you.ctrip.com/sight/nyingchi126/145202860.html,未取到 poiId（无点评或页面无评论模块）
曲果德庆林寺,https://you.ctrip.com/sight/dinggye120378/143731584.html,未取到 poiId（无点评或页面无评论模块）
措卡湖风景点,https://you.ctrip.com/sight/xinlong3126/2486657.html,已获取 poiId 但未采集到评论
新都桥十里长廊,https://you.ctrip.com/sight/kangding344/1713611.html,已获取 poiId 但未采集到评论
贡嘎错,https://you.ctrip.com/sight/bome2436/144196608.html,未取到 poiId（无点评或页面无评论模块）
普达措杜鹃花海,https://you.ctrip.com/sight/shangrila106/2487792.html,已获取 poiId 但未采集到评论
羊八井地热温泉度假村,https://you.ctrip.com/sight/damxung2443/146106653.html?poiType=66&scene=online,未取到 poiId（无点评或页面无评论模块）
桑桑高原牧场风景区,https://you.ctrip.com/sight/ngamring120375/145210345.html?poiType=3&scene=online,未取到 poiId（无点评或页面无评论模块）
贡嘎蓝冰洞,https://you.ctrip.com/sight/banbar120406/144927310.html?poiType=3&scene=online,未取到 poiId（无点评或页面无评论模块）
KAMARIQU星空藏药浴(拉萨店),https://you.ctrip.com/sight/lhasa36/145250112.html?poiType=66&scene=online,未取到 poiId（无点评或页面无评论模块）
雀儿山,https://you.ctrip.com/sight/dege3140/22761.html,已获取 poiId 但未采集到评论
羌姆石窟,https://you.ctrip.com/sight/dinggye120378/145260738.html,未取到 poiId（无点评或页面无评论模块）
纳帕海石卡雪山最大经幡打卡点,https://you.ctrip.com/sight/shangrila106/152799805.html,未取到 poiId（无点评或页面无评论模块）
甘孜寺,https://you.ctrip.com/sight/ganzicounty3156/140200.html,已获取 poiId 但未采集到评论
石月亮观景台,https://you.ctrip.com/sight/fugong1446273/1712835.html,已获取 poiId 但未采集到评论
波瓦山,https://you.ctrip.com/sight/daochengcounty342/1697603.html,已获取 poiId 但未采集到评论
达宗遗址,https://you.ctrip.com/sight/banbar120406/144198028.html,未取到 poiId（无点评或页面无评论模块）
白马雪山垭口,https://you.ctrip.com/sight/deqin2178/1829538.html,已获取 poiId 但未采集到评论
新寨嘉那嘛呢石经城,https://you.ctrip.com/sight/yushucity1446308/50066.html,已获取 poiId 但未采集到评论
碧沽天池,https://you.ctrip.com/sight/shangrila106/2488159.html,已获取 poiId 但未采集到评论
香格里拉大峡谷巴拉格宗景区-回音壁,https://you.ctrip.com/sight/shangrila106/5710406.html,未取到 poiId（无点评或页面无评论模块）
尼农峡谷,https://you.ctrip.com/sight/deqin2178/133382.html,已获取 poiId 但未采集到评论
夯达营地,https://you.ctrip.com/sight/litang3150/135119222.html,未取到 poiId（无点评或页面无评论模块）
白马雪山观景台,https://you.ctrip.com/sight/deqin2178/149856891.html,未取到 poiId（无点评或页面无评论模块）
尼汝村,https://you.ctrip.com/sight/shangrila106/144953.html,已获取 poiId 但未采集到评论
唐蕃古道,https://you.ctrip.com/sight/yushucity1446308/50064.html,已获取 poiId 但未采集到评论
察隅县自驾露营点,https://you.ctrip.com/sight/zayu120394/152804623.html,未取到 poiId（无点评或页面无评论模块）
毛垭草原,https://you.ctrip.com/sight/batang3102/76748.html,已获取 poiId 但未采集到评论
笑农大本营,https://you.ctrip.com/sight/deqin2178/75779.html,已获取 poiId 但未采集到评论
通天河,https://you.ctrip.com/sight/chindu1446316/50113.html,已获取 poiId 但未采集到评论
卡萨湖,https://you.ctrip.com/sight/luhuo1446223/1416438.html,已获取 poiId 但未采集到评论
白玉寺,https://you.ctrip.com/sight/baiyu120485/133459.html,已获取 poiId 但未采集到评论
黑石北湖,https://you.ctrip.com/sight/gertse120145/144372500.html,未取到 poiId（无点评或页面无评论模块）
扎西岗寺,https://you.ctrip.com/sight/garcounty120143/145187529.html,未取到 poiId（无点评或页面无评论模块）
格聂之眼,https://you.ctrip.com/sight/litang3150/5714229.html,已获取 poiId 但未采集到评论
曲孜卡温泉度假村,https://you.ctrip.com/sight/markam2452/144197484.html,未取到 poiId（无点评或页面无评论模块）
滇藏界,https://you.ctrip.com/sight/gongshan1446282/150014855.html,未取到 poiId（无点评或页面无评论模块）
多东寺,https://you.ctrip.com/sight/bome2436/144196701.html,未取到 poiId（无点评或页面无评论模块）
走起侣行下雨崩村,https://you.ctrip.com/sight/deqin2178/148734215.html,未取到 poiId（无点评或页面无评论模块）
飞来寺景区-2号观景台,https://you.ctrip.com/sight/deqin2178/145510176.html,未取到 poiId（无点评或页面无评论模块）
扎西岗民俗村,https://you.ctrip.com/sight/nyingchi126/144196271.html,未取到 poiId（无点评或页面无评论模块）
龙灯草原,https://you.ctrip.com/sight/daofu1446234/1786420.html,已获取 poiId 但未采集到评论
尼洋河观景台,https://you.ctrip.com/sight/nyingchi126/145133413.html?poiType=3&scene=online,未取到 poiId（无点评或页面无评论模块）
古冰川,https://you.ctrip.com/sight/zayu120394/1830707.html?poiType=3&scene=online,未取到 poiId（无点评或页面无评论模块）
拉萨《长征英雄》沉浸式XR体验馆,https://you.ctrip.com/sight/lhasa36/154000924.html,未取到 poiId（无点评或页面无评论模块）
虎头山水库,https://you.ctrip.com/sight/lhunzhub1446410/144444008.html,未取到 poiId（无点评或页面无评论模块）
山南敏珠林寺,https://you.ctrip.com/sight/lhasa36/143748598.html,未取到 poiId（无点评或页面无评论模块）
慈觉林寺,https://you.ctrip.com/sight/lhasa36/145200432.html,未取到 poiId（无点评或页面无评论模块）
噶玛夏寺,https://you.ctrip.com/sight/lhasa36/5707410.html,未取到 poiId（无点评或页面无评论模块）
西藏纳木措自然保护区,https://you.ctrip.com/sight/baingoin120384/152811777.html,未取到 poiId（无点评或页面无评论模块）
斯布沟野生动物保护区,https://you.ctrip.com/sight/maizhokunggar1446407/143739940.html,未取到 poiId（无点评或页面无评论模块）
尕尔寺大峡谷生态旅游区,https://you.ctrip.com/sight/nangqian2642/66902.html,已获取 poiId 但未采集到评论
金卡寺,https://you.ctrip.com/sight/dengqen2447/145189272.html,未取到 poiId（无点评或页面无评论模块）
推瓦寺,https://you.ctrip.com/sight/nagarzecounty2438/145148966.html,未取到 poiId（无点评或页面无评论模块）
珠峰东坡大本营,https://you.ctrip.com/sight/tingri2450/153130944.html,未取到 poiId（无点评或页面无评论模块）
非物质文化遗产展示中心,https://you.ctrip.com/sight/shigatse100/150237367.html,未取到 poiId（无点评或页面无评论模块）
仁青岗寺,https://you.ctrip.com/sight/sagya2442/145701665.html,未取到 poiId（无点评或页面无评论模块）
亚东县巴夏遗址,https://you.ctrip.com/sight/yadong120090/152801722.html,未取到 poiId（无点评或页面无评论模块）
西藏羊湖国际滑翔伞飞行基地,https://you.ctrip.com/sight/gongga120408/145938239.html,未取到 poiId（无点评或页面无评论模块）
江孜县紫金寺,https://you.ctrip.com/sight/gyantse2437/1831609.html,未取到 poiId（无点评或页面无评论模块）
推甘丹托门林寺,https://you.ctrip.com/sight/nagarzecounty2438/5714998.html,未取到 poiId（无点评或页面无评论模块）
青稞博物馆,https://you.ctrip.com/sight/shigatse100/145282472.html,未取到 poiId（无点评或页面无评论模块）
多情湖,https://you.ctrip.com/sight/kangma120372/145212352.html,未取到 poiId（无点评或页面无评论模块）
萨迦历史文化展览馆,https://you.ctrip.com/sight/sagya2442/148617715.html,未取到 poiId（无点评或页面无评论模块）
扎什伦布寺-陈列馆,https://you.ctrip.com/sight/shigatse100/145601053.html,未取到 poiId（无点评或页面无评论模块）
人民公园,https://you.ctrip.com/sight/shigatse100/144196086.html,未取到 poiId（无点评或页面无评论模块）
珠穆朗玛峰生物园保护区,https://you.ctrip.com/sight/tingri2450/144195983.html,未取到 poiId（无点评或页面无评论模块）
恩贡寺,https://you.ctrip.com/sight/shigatse100/145223227.html,未取到 poiId（无点评或页面无评论模块）
江孜宗山英雄纪念碑,https://you.ctrip.com/sight/gyantse2437/144197141.html,未取到 poiId（无点评或页面无评论模块）
纳帕海环湖路,https://you.ctrip.com/sight/shangrila106/5591404.html,已获取 poiId 但未采集到评论
仁龙巴冰川-露营地,https://you.ctrip.com/sight/basu120403/145480108.html,未取到 poiId（无点评或页面无评论模块）
八宿然乌国际自驾房车露营营地,https://you.ctrip.com/sight/basu120403/145686080.html,未取到 poiId（无点评或页面无评论模块）
然乌湖免费观景台,https://you.ctrip.com/sight/basu120403/149687815.html,未取到 poiId（无点评或页面无评论模块）
西藏然乌湖国家森林公园,https://you.ctrip.com/sight/basu120403/152794542.html,未取到 poiId（无点评或页面无评论模块）
噶陀寺,https://you.ctrip.com/sight/baiyu120485/133462.html,已获取 poiId 但未采集到评论
新都桥贡嘎雪山观景台,https://you.ctrip.com/sight/kangding344/5067139.html,已获取 poiId 但未采集到评论
惠远寺,https://you.ctrip.com/sight/daofu1446234/128096.html,已获取 poiId 但未采集到评论
阿布吉措,https://you.ctrip.com/sight/shangrila106/135953604.html,已获取 poiId 但未采集到评论
狮林寺,https://you.ctrip.com/sight/lhunzhub1446410/145269866.html,未取到 poiId（无点评或页面无评论模块）
拉萨鸣升水世界,https://you.ctrip.com/sight/lhasa36/152811888.html,未取到 poiId（无点评或页面无评论模块）
《实证万年 多元一体》21世纪西藏考古成果展,https://you.ctrip.com/sight/lhasa36/156357985.html,未取到 poiId（无点评或页面无评论模块）
西藏藏医药博物馆,https://you.ctrip.com/sight/lhasa36/148731957.html,未取到 poiId（无点评或页面无评论模块）
沱沱河,https://you.ctrip.com/sight/zhidoicounty1446321/145231839.html,已获取 poiId 但未采集到评论
林海银河瀑布,https://you.ctrip.com/sight/yadong120090/148635268.html,未取到 poiId（无点评或页面无评论模块）
措学仁玛营地,https://you.ctrip.com/sight/tingri2450/145388724.html,未取到 poiId（无点评或页面无评论模块）
朗通庄园,https://you.ctrip.com/sight/kangma120372/150247220.html,未取到 poiId（无点评或页面无评论模块）
天河广场,https://you.ctrip.com/sight/shigatse100/151253659.html,未取到 poiId（无点评或页面无评论模块）
孜东曲德寺,https://you.ctrip.com/sight/namlingcounty120373/5715270.html,未取到 poiId（无点评或页面无评论模块）
绒布德寺,https://you.ctrip.com/sight/tingri2450/4579306.html,未取到 poiId（无点评或页面无评论模块）
尼木吞巴非遗中心,https://you.ctrip.com/sight/nyemo1446406/150340152.html,未取到 poiId（无点评或页面无评论模块）
霍尔多西尔波列,https://you.ctrip.com/sight/garcounty120143/148642578.html,未取到 poiId（无点评或页面无评论模块）
巴拉村,https://you.ctrip.com/sight/shangrila106/1487407.html,已获取 poiId 但未采集到评论
千湖山,https://you.ctrip.com/sight/shangrila106/144954.html,已获取 poiId 但未采集到评论
剪子湾山,https://you.ctrip.com/sight/yajiang3137/5068240.html,已获取 poiId 但未采集到评论
康宁寺,https://you.ctrip.com/sight/batang3102/1416388.html,已获取 poiId 但未采集到评论
尼木国家森林公园,https://you.ctrip.com/sight/nyemo1446406/148686376.html,未取到 poiId（无点评或页面无评论模块）
珠峰观景台,https://you.ctrip.com/sight/tingri2450/143753271.html,未取到 poiId（无点评或页面无评论模块）
多庆错,https://you.ctrip.com/sight/kangma120372/144196474.html,未取到 poiId（无点评或页面无评论模块）
巴夏景区,https://you.ctrip.com/sight/yadong120090/152837428.html,未取到 poiId（无点评或页面无评论模块）
羊湖观景,https://you.ctrip.com/sight/nagarzecounty2438/152884981.html,未取到 poiId（无点评或页面无评论模块）
沙琅国王峰,https://you.ctrip.com/sight/zhongba120376/152802239.html?poiType=3&scene=online,未取到 poiId（无点评或页面无评论模块）
佩枯措观景台,https://you.ctrip.com/sight/gyirong120374/152830907.html?poiType=3&scene=online,未取到 poiId（无点评或页面无评论模块）
雅鲁藏布江大拐弯,https://you.ctrip.com/sight/bome2436/152907182.html,未取到 poiId（无点评或页面无评论模块）
天路十八弯观景台,https://you.ctrip.com/sight/yajiang3137/5710384.html,已获取 poiId 但未采集到评论
泉华滩,https://you.ctrip.com/sight/kangding344/1701608.html,已获取 poiId 但未采集到评论
色须寺,https://you.ctrip.com/sight/shiqu1446228/76790.html,已获取 poiId 但未采集到评论
无底湖,https://you.ctrip.com/sight/shangrila106/134041649.html,已获取 poiId 但未采集到评论
建塘镇,https://you.ctrip.com/sight/shangrila106/1487374.html,已获取 poiId 但未采集到评论
圣象天门三生石,https://you.ctrip.com/sight/baingoin120384/150292699.html?poiType=3&scene=online,未取到 poiId（无点评或页面无评论模块）
阿里塔尔钦国际旅游特色小城镇,https://you.ctrip.com/sight/purang2440/150176425.html?poiType=3&scene=online,未取到 poiId（无点评或页面无评论模块）
西藏旱地拔葱视频拍摄点,https://you.ctrip.com/sight/lhasa36/148576705.html?poiType=3&scene=online,未取到 poiId（无点评或页面无评论模块）
木里大寺,https://you.ctrip.com/sight/muli3100/1416247.html,已获取 poiId 但未采集到评论
白塔公园,https://you.ctrip.com/sight/ganzicounty3156/1940106.html,已获取 poiId 但未采集到评论
百鸡寺,https://you.ctrip.com/sight/shangrila106/1712884.html,已获取 poiId 但未采集到评论
松卡石塔,https://you.ctrip.com/sight/zhanang2451/145388810.html,未取到 poiId（无点评或页面无评论模块）
苯日神山,https://you.ctrip.com/sight/nyingchi126/144210420.html?poiType=3&scene=online,未取到 poiId（无点评或页面无评论模块）
阿玛直米雪山,https://you.ctrip.com/sight/dinggye120378/152748473.html?poiType=3&scene=online,未取到 poiId（无点评或页面无评论模块）
长江源头,https://you.ctrip.com/sight/golmud332/50055.html,已获取 poiId 但未采集到评论
山南市措美县扎玛寺,https://you.ctrip.com/sight/comai120410/145140144.html,未取到 poiId（无点评或页面无评论模块）
拉木错,https://you.ctrip.com/sight/lhozhag120411/144453353.html,未取到 poiId（无点评或页面无评论模块）
木雅大寺,https://you.ctrip.com/sight/kangding344/5591392.html,已获取 poiId 但未采集到评论
南极洛,https://you.ctrip.com/sight/deqin2178/5719998.html,已获取 poiId 但未采集到评论
定结县十万个沙丘,https://you.ctrip.com/sight/dinggye120378/149690264.html?poiType=3&scene=online,未取到 poiId（无点评或页面无评论模块）
米堆冰川景区-观景台,https://you.ctrip.com/sight/bome2436/145676278.html?poiType=3&scene=online,未取到 poiId（无点评或页面无评论模块）
格萨尔王广场,https://you.ctrip.com/sight/yushucity1446308/1830731.html,已获取 poiId 但未采集到评论
三江源纪念碑,https://you.ctrip.com/sight/chindu1446316/5634403.html,未取到 poiId（无点评或页面无评论模块）
甘孜镇,https://you.ctrip.com/sight/ganzicounty3156/1940111.html,已获取 poiId 但未采集到评论
西当村,https://you.ctrip.com/sight/deqin2178/1834410.html,已获取 poiId 但未采集到评论
象雄王国遗址,https://you.ctrip.com/sight/nyima120383/145495420.html,未取到 poiId（无点评或页面无评论模块）
吉隆藏布,https://you.ctrip.com/sight/gyirong120374/143259930.html,未取到 poiId（无点评或页面无评论模块）
扎村,https://you.ctrip.com/sight/gyirong120374/4276356.html,未取到 poiId（无点评或页面无评论模块）
雅隆嘎布,https://you.ctrip.com/sight/saga120381/83067132.html,未取到 poiId（无点评或页面无评论模块）
玉树草原,https://you.ctrip.com/sight/yushucity1446308/1713807.html,已获取 poiId 但未采集到评论
尼木玛曲,https://you.ctrip.com/sight/nyemo1446406/144496811.html,未取到 poiId（无点评或页面无评论模块）
苯教寺庙米珠通门林寺,https://you.ctrip.com/sight/nyemo1446406/145338062.html,未取到 poiId（无点评或页面无评论模块）
越恰错,https://you.ctrip.com/sight/xainza120386/144362627.html,未取到 poiId（无点评或页面无评论模块）
G219玛不错遗址服务区,https://you.ctrip.com/sight/kangma120372/148743283.html,未取到 poiId（无点评或页面无评论模块）
洛波错,https://you.ctrip.com/sight/xainza120386/144473790.html,未取到 poiId（无点评或页面无评论模块）
日喀则市定日县长所乡森嘎曲德寺,https://you.ctrip.com/sight/tingri2450/145498620.html,未取到 poiId（无点评或页面无评论模块）
日喀则市定日县长所乡宗布寺,https://you.ctrip.com/sight/tingri2450/146029169.html,未取到 poiId（无点评或页面无评论模块）
德瓦庆寺,https://you.ctrip.com/sight/tingri2450/145616189.html,未取到 poiId（无点评或页面无评论模块）
定日县曲洛乡措昂曲德寺,https://you.ctrip.com/sight/tingri2450/145389227.html,未取到 poiId（无点评或页面无评论模块）
杰顿珠宗遗址,https://you.ctrip.com/sight/lhozhag120411/148556314.html,未取到 poiId（无点评或页面无评论模块）
甲根坝镇,https://you.ctrip.com/sight/kangding344/1713537.html,已获取 poiId 但未采集到评论
普化寺,https://you.ctrip.com/sight/gongshan1446282/1713008.html,已获取 poiId 但未采集到评论
卡瓦格博峰观景台,https://you.ctrip.com/sight/deqin2178/145460629.html,未取到 poiId（无点评或页面无评论模块）
巴松措星空户外泡泡帐篷营地,https://you.ctrip.com/sight/gongbogyamda120396/145252342.html,未取到 poiId（无点评或页面无评论模块）
朱西冰川,https://you.ctrip.com/sight/bome2436/150418739.html,未取到 poiId（无点评或页面无评论模块）
西藏林芝八一厦门广场,https://you.ctrip.com/sight/nyingchi126/146030488.html,未取到 poiId（无点评或页面无评论模块）
雨崩景区-观光车,https://you.ctrip.com/sight/deqin2178/145381137.html,未取到 poiId（无点评或页面无评论模块）
嘎朗村,https://you.ctrip.com/sight/bome2436/134774068.html,未取到 poiId（无点评或页面无评论模块）
藏王洞,https://you.ctrip.com/sight/bome2436/145301183.html,未取到 poiId（无点评或页面无评论模块）
波堆桃花谷桃花世界,https://you.ctrip.com/sight/bome2436/145538711.html,未取到 poiId（无点评或页面无评论模块）
北京人在波密民居,https://you.ctrip.com/sight/bome2436/145370514.html,未取到 poiId（无点评或页面无评论模块）
新措观景台,https://you.ctrip.com/sight/gongbogyamda120396/152794723.html,未取到 poiId（无点评或页面无评论模块）
错高湖,https://you.ctrip.com/sight/gongbogyamda120396/136254209.html,未取到 poiId（无点评或页面无评论模块）
普钢落错,https://you.ctrip.com/sight/gongbogyamda120396/144196305.html,未取到 poiId（无点评或页面无评论模块）
雅鲁藏布江江河汇流处,https://you.ctrip.com/sight/mainling2448/149637633.html,未取到 poiId（无点评或页面无评论模块）
青朴修行地,https://you.ctrip.com/sight/zhanang2451/145556966.html,未取到 poiId（无点评或页面无评论模块）
西藏扎囊沙丘艺术公园,https://you.ctrip.com/sight/zhanang2451/134087658.html,未取到 poiId（无点评或页面无评论模块）
月亮湖,https://you.ctrip.com/sight/kangding344/1701722.html,已获取 poiId 但未采集到评论
芒康县盐井马帮民俗博物馆,https://you.ctrip.com/sight/markam2452/145374650.html,未取到 poiId（无点评或页面无评论模块）
冷嘎措景区,https://you.ctrip.com/sight/kangding344/5677390.html,已获取 poiId 但未采集到评论
哈巴村,https://you.ctrip.com/sight/shangrila106/1830981.html,已获取 poiId 但未采集到评论
梅里雪山国家公园金沙江大湾,https://you.ctrip.com/sight/deqin2178/4580328.html,已获取 poiId 但未采集到评论
香格里拉高山植物园,https://you.ctrip.com/sight/shangrila106/1834656.html,已获取 poiId 但未采集到评论
新龙红山,https://you.ctrip.com/sight/xinlong3126/140786076.html,已获取 poiId 但未采集到评论
雅砻江大峡谷,https://you.ctrip.com/sight/xinlong3126/1919735.html,已获取 poiId 但未采集到评论
扎日南木错湖心岛美人尖,https://you.ctrip.com/sight/coqen120146/151444995.html?poiType=3&scene=online,未取到 poiId（无点评或页面无评论模块）
雅鲁藏布大峡谷热气球飞行营地,https://you.ctrip.com/sight/mainling2448/134009306.html?poiType=66&scene=online,未取到 poiId（无点评或页面无评论模块）
‌普拉喜琼,https://you.ctrip.com/sight/saga120381/153200922.html?poiType=3&scene=online,未取到 poiId（无点评或页面无评论模块）
萨普,https://you.ctrip.com/sight/biru120390/150020955.html?poiType=3&scene=online,未取到 poiId（无点评或页面无评论模块）
拉萨滨河公园情满拉萨水上林卡游船码头,https://you.ctrip.com/sight/lhasa36/153718978.html,未取到 poiId（无点评或页面无评论模块）
西藏博物馆-讲解处,https://you.ctrip.com/sight/lhasa36/145527042.html,未取到 poiId（无点评或页面无评论模块）
班戈圣象天门帐篷营地,https://you.ctrip.com/sight/baingoin120384/145142664.html,未取到 poiId（无点评或页面无评论模块）
拉萨之眼,https://you.ctrip.com/sight/lhasa36/149641277.html,未取到 poiId（无点评或页面无评论模块）
吉本岗艺术中心,https://you.ctrip.com/sight/lhasa36/131149070.html,未取到 poiId（无点评或页面无评论模块）
拉萨直升机观光旅游区,https://you.ctrip.com/sight/lhasa36/139857078.html,未取到 poiId（无点评或页面无评论模块）
达蒙骷髅墙天葬院,https://you.ctrip.com/sight/biru120390/148556478.html,未取到 poiId（无点评或页面无评论模块）
布囊,https://you.ctrip.com/sight/biru120390/145319719.html,未取到 poiId（无点评或页面无评论模块）
嘎东寺,https://you.ctrip.com/sight/lhasa36/130886582.html,未取到 poiId（无点评或页面无评论模块）
扎索错,https://you.ctrip.com/sight/lhari120389/144363113.html,未取到 poiId（无点评或页面无评论模块）
帕日日追寺,https://you.ctrip.com/sight/lhasa36/145279770.html,未取到 poiId（无点评或页面无评论模块）
当雄蓝色精灵温泉浴池(S304店),https://you.ctrip.com/sight/damxung2443/148778767.html,未取到 poiId（无点评或页面无评论模块）
绕赛参康寺,https://you.ctrip.com/sight/lhasa36/1727212.html,未取到 poiId（无点评或页面无评论模块）
千古绝绘唐卡艺术,https://you.ctrip.com/sight/lhasa36/131904981.html,未取到 poiId（无点评或页面无评论模块）
石门关,https://you.ctrip.com/sight/gongshan1446282/4383371.html,已获取 poiId 但未采集到评论
东嘎寺,https://you.ctrip.com/sight/yadong120090/132117.html,未取到 poiId（无点评或页面无评论模块）
西藏自治区会展中心,https://you.ctrip.com/sight/lhasa36/144238994.html,未取到 poiId（无点评或页面无评论模块）
木如寺,https://you.ctrip.com/sight/lhasa36/144211106.html,未取到 poiId（无点评或页面无评论模块）
查拉鲁普石窟,https://you.ctrip.com/sight/lhasa36/143734341.html,未取到 poiId（无点评或页面无评论模块）
嘉黎县尼屋乡苹果园,https://you.ctrip.com/sight/lhari120389/150409509.html,未取到 poiId（无点评或页面无评论模块）
拉萨市中华文化公园,https://you.ctrip.com/sight/lhasa36/145372819.html,未取到 poiId（无点评或页面无评论模块）
杂多昂赛大峡谷,https://you.ctrip.com/sight/zadoi1446310/5713542.html,已获取 poiId 但未采集到评论
藏北草原,https://you.ctrip.com/sight/rutog120147/145465651.html,未取到 poiId（无点评或页面无评论模块）
札达土林国家地质公园观景台,https://you.ctrip.com/sight/zanda2454/145389791.html,未取到 poiId（无点评或页面无评论模块）
皮央石窟遗址,https://you.ctrip.com/sight/zanda2454/152886960.html,未取到 poiId（无点评或页面无评论模块）
雪山星空营地(冈仁波齐景区店),https://you.ctrip.com/sight/purang2440/156443647.html,未取到 poiId（无点评或页面无评论模块）
古格风景名胜区,https://you.ctrip.com/sight/zanda2454/144197780.html,未取到 poiId（无点评或页面无评论模块）
香格里拉和谐塔中塔,https://you.ctrip.com/sight/shangrila106/90498920.html,已获取 poiId 但未采集到评论
香格里拉大草原,https://you.ctrip.com/sight/shangrila106/130369397.html,已获取 poiId 但未采集到评论
荷花海国家森林公园,https://you.ctrip.com/sight/kangding344/4475725.html,已获取 poiId 但未采集到评论
海不日神山,https://you.ctrip.com/sight/zhanang2451/11826.html,未取到 poiId（无点评或页面无评论模块）
莲花公园,https://you.ctrip.com/sight/motuo120397/145079848.html?poiType=3&scene=online,未取到 poiId（无点评或页面无评论模块）
康庆拉,https://you.ctrip.com/sight/biru120390/135118282.html,未取到 poiId（无点评或页面无评论模块）
龙卡寺,https://you.ctrip.com/sight/baqen120392/145546991.html,未取到 poiId（无点评或页面无评论模块）
拉萨润锦剧院(王府井购物中心店),https://you.ctrip.com/sight/lhasa36/151276736.html,未取到 poiId（无点评或页面无评论模块）
象雄美朵景区-万亩花海,https://you.ctrip.com/sight/lhasa36/130886827.html,未取到 poiId（无点评或页面无评论模块）
玛布日山,https://you.ctrip.com/sight/lhasa36/130886693.html,未取到 poiId（无点评或页面无评论模块）
色拉寺密宗僧院,https://you.ctrip.com/sight/lhasa36/83398731.html,未取到 poiId（无点评或页面无评论模块）
长江源生态环境碑,https://you.ctrip.com/sight/golmud332/144205403.html,未取到 poiId（无点评或页面无评论模块）
西藏山野营地,https://you.ctrip.com/sight/lhasa36/140848118.html,未取到 poiId（无点评或页面无评论模块）
瓦村,https://you.ctrip.com/sight/basu120403/1712745.html,未取到 poiId（无点评或页面无评论模块）
下则通村,https://you.ctrip.com/sight/litang3150/5066720.html,已获取 poiId 但未采集到评论
格聂南坡,https://you.ctrip.com/sight/litang3150/134565282.html,未取到 poiId（无点评或页面无评论模块）
毛屋大峡谷,https://you.ctrip.com/sight/derong1446220/135998995.html,未取到 poiId（无点评或页面无评论模块）
南峰大本营,https://you.ctrip.com/sight/mainling2448/152814292.html,未取到 poiId（无点评或页面无评论模块）
亚莫措根,https://you.ctrip.com/sight/batang3102/144369364.html,未取到 poiId（无点评或页面无评论模块）
新路海,https://you.ctrip.com/sight/dege3140/133528217.html,未取到 poiId（无点评或页面无评论模块）
尕朵觉悟神山,https://you.ctrip.com/sight/qumarlebcounty2646/4481194.html,未取到 poiId（无点评或页面无评论模块）
禅古寺,https://you.ctrip.com/sight/yushucity1446308/1835153.html,已获取 poiId 但未采集到评论
更庆寺,https://you.ctrip.com/sight/dege3140/1418369.html,已获取 poiId 但未采集到评论
艾旺寺,https://you.ctrip.com/sight/kangma120372/151080946.html,未取到 poiId（无点评或页面无评论模块）
江萨国家湿地公园,https://you.ctrip.com/sight/shigatse100/145153436.html,未取到 poiId（无点评或页面无评论模块）
宗山抗英遗址,https://you.ctrip.com/sight/gyantse2437/145549672.html,未取到 poiId（无点评或页面无评论模块）
扎西群培寺,https://you.ctrip.com/sight/dinggye120378/145310069.html,未取到 poiId（无点评或页面无评论模块）
盐湖,https://you.ctrip.com/sight/gegyai120144/5067519.html,未取到 poiId（无点评或页面无评论模块）
莽错,https://you.ctrip.com/sight/markam2452/56098.html,未取到 poiId（无点评或页面无评论模块）
高尔寺山,https://you.ctrip.com/sight/yajiang3137/5067586.html,未取到 poiId（无点评或页面无评论模块）
千年菩提树,https://you.ctrip.com/sight/shangrila106/5710396.html,未取到 poiId（无点评或页面无评论模块）
扎塘寺,https://you.ctrip.com/sight/zhanang2451/55543.html,未取到 poiId（无点评或页面无评论模块）
芝热寺,https://you.ctrip.com/sight/purang2440/1697505.html?poiType=3&scene=online,未取到 poiId（无点评或页面无评论模块）
竹庆寺,https://you.ctrip.com/sight/dege3140/1786432.html,已获取 poiId 但未采集到评论
多瀑沟景区,https://you.ctrip.com/sight/dege3140/1940116.html,已获取 poiId 但未采集到评论
茨中村,https://you.ctrip.com/sight/deqin2178/1829875.html,未取到 poiId（无点评或页面无评论模块）
贡萨寺,https://you.ctrip.com/sight/zhidoicounty1446321/50079.html,未取到 poiId（无点评或页面无评论模块）
4·14地震遗址,https://you.ctrip.com/sight/yushucity1446308/143754532.html,未取到 poiId（无点评或页面无评论模块）
藏布巴东瀑布群,https://you.ctrip.com/sight/mainling2448/132896.html,未取到 poiId（无点评或页面无评论模块）
唐僧晒经台,https://you.ctrip.com/sight/chindu1446316/50073.html,已获取 poiId 但未采集到评论
卓玛朗错,https://you.ctrip.com/sight/lhorong120404/144362051.html,未取到 poiId（无点评或页面无评论模块）
林海,https://you.ctrip.com/sight/nyingchi126/143755960.html,未取到 poiId（无点评或页面无评论模块）
达那寺,https://you.ctrip.com/sight/nangqian2642/145653970.html,未取到 poiId（无点评或页面无评论模块）
当代山观景台,https://you.ctrip.com/sight/yushucity1446308/133941569.html,未取到 poiId（无点评或页面无评论模块）
雅鲁藏布江观景台,https://you.ctrip.com/sight/shigatse100/145203254.html,未取到 poiId（无点评或页面无评论模块）
杰岗日神山,https://you.ctrip.com/sight/xainza120386/150328137.html,未取到 poiId（无点评或页面无评论模块）
噶举寺,https://you.ctrip.com/sight/yadong120090/1731832.html,未取到 poiId（无点评或页面无评论模块）
加吾拉山脉,https://you.ctrip.com/sight/tingri2450/150417379.html,未取到 poiId（无点评或页面无评论模块）
乃堆拉杜鹃花海景区,https://you.ctrip.com/sight/yadong120090/148779422.html,未取到 poiId（无点评或页面无评论模块）
嘉措拉山,https://you.ctrip.com/sight/lhatse2444/145370511.html,未取到 poiId（无点评或页面无评论模块）
扎什伦布寺-措钦大殿,https://you.ctrip.com/sight/shigatse100/1752935.html,未取到 poiId（无点评或页面无评论模块）
定结县贡强桑旦曲布寺,https://you.ctrip.com/sight/dinggye120378/145231086.html,未取到 poiId（无点评或页面无评论模块）
阿布入寺,https://you.ctrip.com/sight/dinggye120378/145498621.html,未取到 poiId（无点评或页面无评论模块）
俄尔寺,https://you.ctrip.com/sight/shigatse100/129011.html,未取到 poiId（无点评或页面无评论模块）
贡措,https://you.ctrip.com/sight/lhatse2444/149354339.html,未取到 poiId（无点评或页面无评论模块）
玛不错,https://you.ctrip.com/sight/kangma120372/144452977.html,未取到 poiId（无点评或页面无评论模块）
亚东海关遗址,https://you.ctrip.com/sight/yadong120090/152801734.html,未取到 poiId（无点评或页面无评论模块）
拉隆寺,https://you.ctrip.com/sight/lhozhag120411/129055.html,未取到 poiId（无点评或页面无评论模块）
嘎东寺,https://you.ctrip.com/sight/bainang120377/54958.html,未取到 poiId（无点评或页面无评论模块）
卓木拉日峰,https://you.ctrip.com/sight/yadong120090/5131653.html,未取到 poiId（无点评或页面无评论模块）
强钦寺,https://you.ctrip.com/sight/rinbung120382/1489021.html,未取到 poiId（无点评或页面无评论模块）
楚果寺,https://you.ctrip.com/sight/purang2440/132864.html,未取到 poiId（无点评或页面无评论模块）
大经幡,https://you.ctrip.com/sight/shangrila106/148476649.html,已获取 poiId 但未采集到评论
香格里拉哈巴雪山观景台,https://you.ctrip.com/sight/shangrila106/69551472.html,已获取 poiId 但未采集到评论
香巴拉天然佛塔,https://you.ctrip.com/sight/shangrila106/5710404.html,已获取 poiId 但未采集到评论
白塔,https://you.ctrip.com/sight/daochengcounty342/145612427.html,未取到 poiId（无点评或页面无评论模块）
亚朵村,https://you.ctrip.com/sight/fugong1446273/153244120.html,未取到 poiId（无点评或页面无评论模块）
梅里雪山国家公园景区-日照金山,https://you.ctrip.com/sight/deqin2178/145242933.html,已获取 poiId 但未采集到评论
贡当神山,https://you.ctrip.com/sight/gongshan1446282/1416722.html,已获取 poiId 但未采集到评论
扎东寺,https://you.ctrip.com/sight/zhongba120376/5715316.html,未取到 poiId（无点评或页面无评论模块）
达绕错,https://you.ctrip.com/sight/gertse120145/144197814.html,未取到 poiId（无点评或页面无评论模块）
错洛格,https://you.ctrip.com/sight/gyirong120374/144360554.html,未取到 poiId（无点评或页面无评论模块）
布扎寺,https://you.ctrip.com/sight/saga120381/145219440.html,未取到 poiId（无点评或页面无评论模块）
杰玛央宗冰川,https://you.ctrip.com/sight/zhongba120376/129035.html,未取到 poiId（无点评或页面无评论模块）
当惹雍措景区观景台,https://you.ctrip.com/sight/nyima120383/145572635.html,未取到 poiId（无点评或页面无评论模块）
先遣纪念碑,https://you.ctrip.com/sight/gertse120145/151300086.html,未取到 poiId（无点评或页面无评论模块）
吉隆乃村小院房车露营地,https://you.ctrip.com/sight/gyirong120374/152811489.html,未取到 poiId（无点评或页面无评论模块）
昔日达吉岭寺,https://you.ctrip.com/sight/saga120381/144196270.html,未取到 poiId（无点评或页面无评论模块）
巴塘草原,https://you.ctrip.com/sight/yushucity1446308/5710157.html,已获取 poiId 但未采集到评论
玉树地震灾后重建展览馆,https://you.ctrip.com/sight/yushucity1446308/1835162.html,已获取 poiId 但未采集到评论
定结县牧村土林,https://you.ctrip.com/sight/dinggye120378/145369913.html,未取到 poiId（无点评或页面无评论模块）
夏鲁寺,https://you.ctrip.com/sight/shigatse100/145371485.html,未取到 poiId（无点评或页面无评论模块）
219国道5000公里纪念碑,https://you.ctrip.com/sight/kangma120372/153137543.html,未取到 poiId（无点评或页面无评论模块）
满拉水库观景区,https://you.ctrip.com/sight/gyantse2437/145676742.html,未取到 poiId（无点评或页面无评论模块）
拉普温泉,https://you.ctrip.com/sight/lhozhag120411/141024158.html,未取到 poiId（无点评或页面无评论模块）
年楚河,https://you.ctrip.com/sight/shigatse100/1832802.html,未取到 poiId（无点评或页面无评论模块）
卓木拉日雪山观景台,https://you.ctrip.com/sight/yadong120090/150146803.html,未取到 poiId（无点评或页面无评论模块）
羊湖旅拍星空营地,https://you.ctrip.com/sight/nagarzecounty2438/145288942.html,未取到 poiId（无点评或页面无评论模块）
珠穆朗玛峰高程测量纪念碑,https://you.ctrip.com/sight/tingri2450/145348067.html,未取到 poiId（无点评或页面无评论模块）
朗布其观景台,https://you.ctrip.com/sight/nagarzecounty2438/145623995.html,未取到 poiId（无点评或页面无评论模块）
娘宗玛觉,https://you.ctrip.com/sight/tingri2450/144452971.html,未取到 poiId（无点评或页面无评论模块）
宗山遗址,https://you.ctrip.com/sight/shigatse100/144196070.html,未取到 poiId（无点评或页面无评论模块）
定日托桑林寺,https://you.ctrip.com/sight/tingri2450/145517183.html,未取到 poiId（无点评或页面无评论模块）
蒙达拉脚,https://you.ctrip.com/sight/nagarzecounty2438/145475888.html,未取到 poiId（无点评或页面无评论模块）
拉孜寺,https://you.ctrip.com/sight/lhatse2444/144195904.html,未取到 poiId（无点评或页面无评论模块）
宁金岗桑峰,https://you.ctrip.com/sight/nagarzecounty2438/148712239.html,未取到 poiId（无点评或页面无评论模块）
珠穆朗玛国家公园纪念碑,https://you.ctrip.com/sight/tingri2450/145339932.html,未取到 poiId（无点评或页面无评论模块）
东嘎曲德寺,https://you.ctrip.com/sight/sagya2442/144197176.html,未取到 poiId（无点评或页面无评论模块）
谢珠林寺,https://you.ctrip.com/sight/bainang120377/148734313.html,未取到 poiId（无点评或页面无评论模块）
参卓林寺,https://you.ctrip.com/sight/bainang120377/145618022.html,未取到 poiId（无点评或页面无评论模块）
甘典曲果寺,https://you.ctrip.com/sight/namlingcounty120373/145702438.html,未取到 poiId（无点评或页面无评论模块）
扎寺新宫宗教文化游览区,https://you.ctrip.com/sight/shigatse100/144196278.html,未取到 poiId（无点评或页面无评论模块）
卓玛拉山口,https://you.ctrip.com/sight/gegyai120144/1697522.html,未取到 poiId（无点评或页面无评论模块）
美马错,https://you.ctrip.com/sight/rutog120147/152786505.html,未取到 poiId（无点评或页面无评论模块）
冈波仁琥勹啸齐景区最佳观测点,https://you.ctrip.com/sight/purang2440/152886753.html,未取到 poiId（无点评或页面无评论模块）
展琼冰川,https://you.ctrip.com/sight/rutog120147/145398015.html,未取到 poiId（无点评或页面无评论模块）
经幡广场,https://you.ctrip.com/sight/purang2440/145999384.html,未取到 poiId（无点评或页面无评论模块）
玛旁雍措观景台,https://you.ctrip.com/sight/purang2440/150435872.html,未取到 poiId（无点评或页面无评论模块）
玛朗峡谷观景台,https://you.ctrip.com/sight/zanda2454/145330563.html,未取到 poiId（无点评或页面无评论模块）
山南扎央宗溶洞,https://you.ctrip.com/sight/zhanang2451/145614443.html,未取到 poiId（无点评或页面无评论模块）
雄色寺,https://you.ctrip.com/sight/qushui1446405/112650387.html,未取到 poiId（无点评或页面无评论模块）
格底拉姆·天空之城,https://you.ctrip.com/sight/kangding344/135102697.html,已获取 poiId 但未采集到评论
金沙江大拐弯观景台,https://you.ctrip.com/sight/deqin2178/144195283.html,已获取 poiId 但未采集到评论
姑弄村,https://you.ctrip.com/sight/kangding344/133825010.html,已获取 poiId 但未采集到评论
班戈江龙玛曲国家湿地公园,https://you.ctrip.com/sight/baingoin120384/145708595.html,未取到 poiId（无点评或页面无评论模块）
小沙河,https://you.ctrip.com/sight/golmud332/144205475.html,未取到 poiId（无点评或页面无评论模块）
拉木错,https://you.ctrip.com/sight/baingoin120384/144362357.html,未取到 poiId（无点评或页面无评论模块）
美日切错,https://you.ctrip.com/sight/amdocounty120385/149986049.html,未取到 poiId（无点评或页面无评论模块）
赛格日玛,https://you.ctrip.com/sight/amdocounty120385/145799576.html,未取到 poiId（无点评或页面无评论模块）
麦多斯布陇,https://you.ctrip.com/sight/amdocounty120385/145701721.html,未取到 poiId（无点评或页面无评论模块）
直贡梯寺天葬台,https://you.ctrip.com/sight/maizhokunggar1446407/5143258.html?poiType=3&scene=online,未取到 poiId（无点评或页面无评论模块）
塔钦,https://you.ctrip.com/sight/qamdo559/145328355.html?poiType=3&scene=online,未取到 poiId（无点评或页面无评论模块）
羊卓雍措雅布观景台,https://you.ctrip.com/sight/nagarzecounty2438/145476683.html?poiType=3&scene=online,未取到 poiId（无点评或页面无评论模块）
普姆雍措,https://you.ctrip.com/sight/shigatse100/149349342.html?poiType=3&scene=online,未取到 poiId（无点评或页面无评论模块）
可可西里,https://you.ctrip.com/sight/golmud332/150438229.html,已获取 poiId 但未采集到评论
西藏大剧院,https://you.ctrip.com/sight/lhasa36/145913253.html,未取到 poiId（无点评或页面无评论模块）
撒木错,https://you.ctrip.com/sight/biru120390/144474241.html,未取到 poiId（无点评或页面无评论模块）
夯错湿地暗夜星空景区,https://you.ctrip.com/sight/nagqu919/148696158.html,未取到 poiId（无点评或页面无评论模块）
西藏革命建设改革纪念馆,https://you.ctrip.com/sight/lhasa36/145344202.html,未取到 poiId（无点评或页面无评论模块）
西藏毛主席像章博物馆,https://you.ctrip.com/sight/lhasa36/145107687.html,未取到 poiId（无点评或页面无评论模块）
西藏唐卡画院,https://you.ctrip.com/sight/lhasa36/111989433.html,未取到 poiId（无点评或页面无评论模块）
则巴村,https://you.ctrip.com/sight/litang3150/134024766.html,已获取 poiId 但未采集到评论
措普湖,https://you.ctrip.com/sight/batang3102/5068227.html,已获取 poiId 但未采集到评论
乃嘉玛神山,https://you.ctrip.com/sight/nangqian2642/5072948.html,已获取 poiId 但未采集到评论
岗托村,https://you.ctrip.com/sight/jomda120398/130368519.html,未取到 poiId（无点评或页面无评论模块）
马泉河湿地,https://you.ctrip.com/sight/zhongba120376/145595738.html,未取到 poiId（无点评或页面无评论模块）
玛尔曲,https://you.ctrip.com/sight/dengqen2447/144361457.html,未取到 poiId（无点评或页面无评论模块）
新寨玛尼石堆,https://you.ctrip.com/sight/yushucity1446308/5132218.html,已获取 poiId 但未采集到评论
吉祥瓦拉寺,https://you.ctrip.com/sight/jomda120398/5067407.html,未取到 poiId（无点评或页面无评论模块）
浪拉山,https://you.ctrip.com/sight/zhagyab120402/5067404.html,未取到 poiId（无点评或页面无评论模块）
澜沧江天津广场,https://you.ctrip.com/sight/qamdo559/144197505.html,未取到 poiId（无点评或页面无评论模块）
玉树州抗震救灾纪念馆,https://you.ctrip.com/sight/yushucity1446308/5618355.html,已获取 poiId 但未采集到评论
比日神山观景台,https://you.ctrip.com/sight/nyingchi126/152834203.html,未取到 poiId（无点评或页面无评论模块）
当卡寺旅游景区,https://you.ctrip.com/sight/yushucity1446308/145729347.html,未取到 poiId（无点评或页面无评论模块）
宗国寺,https://you.ctrip.com/sight/nangqian2642/145220121.html,未取到 poiId（无点评或页面无评论模块）
热拉雍仲林寺,https://you.ctrip.com/sight/namlingcounty120373/54924.html,未取到 poiId（无点评或页面无评论模块）
龙木错,https://you.ctrip.com/sight/rutog120147/150071646.html,未取到 poiId（无点评或页面无评论模块）
古宫寺,https://you.ctrip.com/sight/purang2440/145526681.html,未取到 poiId（无点评或页面无评论模块）
吉乌寺,https://you.ctrip.com/sight/purang2440/145170334.html,未取到 poiId（无点评或页面无评论模块）
卡尔东遗址,https://you.ctrip.com/sight/garcounty120143/145644312.html,未取到 poiId（无点评或页面无评论模块）
他笋左,https://you.ctrip.com/sight/garcounty120143/8003000156575518.html,未取到 poiId（无点评或页面无评论模块）
祝以稀沙,https://you.ctrip.com/sight/garcounty120143/8003000156569589.html,未取到 poiId（无点评或页面无评论模块）
贡觉玛如,https://you.ctrip.com/sight/garcounty120143/8003000156564386.html,未取到 poiId（无点评或页面无评论模块）
鲁科罗,https://you.ctrip.com/sight/garcounty120143/8003000156550723.html,未取到 poiId（无点评或页面无评论模块）
卓莫庆,https://you.ctrip.com/sight/garcounty120143/8003000156520300.html,未取到 poiId（无点评或页面无评论模块）
八郎生都村,https://you.ctrip.com/sight/kangding344/131903606.html,已获取 poiId 但未采集到评论
白水台-观景台,https://you.ctrip.com/sight/shangrila106/145178212.html,未取到 poiId（无点评或页面无评论模块）
同乐村,https://you.ctrip.com/sight/weixi1446265/1493194.html,已获取 poiId 但未采集到评论
鱼子西风景区(鱼子西日落营地),https://you.ctrip.com/sight/kangding344/145519949.html,已获取 poiId 但未采集到评论
玛娜茶金观景台,https://you.ctrip.com/sight/muli3100/143166343.html,未取到 poiId（无点评或页面无评论模块）
月亮湾大峡谷,https://you.ctrip.com/sight/deqin2178/1835236.html,已获取 poiId 但未采集到评论
定结宗措湖,https://you.ctrip.com/sight/dinggye120378/140845986.html?poiType=3&scene=online,未取到 poiId（无点评或页面无评论模块）
澜沧江源头,https://you.ctrip.com/sight/zadoi1446310/70360372.html,未取到 poiId（无点评或页面无评论模块）
桑阿寺,https://you.ctrip.com/sight/lhasa36/1487736.html,未取到 poiId（无点评或页面无评论模块）
根敦群培纪念馆,https://you.ctrip.com/sight/lhasa36/2842400.html,未取到 poiId（无点评或页面无评论模块）
大昭寺-七佛殿,https://you.ctrip.com/sight/lhasa36/148620856.html,未取到 poiId（无点评或页面无评论模块）
三江源国家公园,https://you.ctrip.com/sight/zadoi1446310/145694557.html,未取到 poiId（无点评或页面无评论模块）
孔雀山,https://you.ctrip.com/sight/gongshan1446282/153501141.html,已获取 poiId 但未采集到评论
飞来寺景区-1号观景台,https://you.ctrip.com/sight/deqin2178/145510177.html,已获取 poiId 但未采集到评论
巴巴沟蓝松湖,https://you.ctrip.com/sight/baiyu120485/145525605.html,已获取 poiId 但未采集到评论
新冷古寺,https://you.ctrip.com/sight/litang3150/5717480.html,已获取 poiId 但未采集到评论
然日卡村,https://you.ctrip.com/sight/litang3150/134025662.html,已获取 poiId 但未采集到评论
措普沟景区-一号观景台,https://you.ctrip.com/sight/batang3102/145298179.html,已获取 poiId 但未采集到评论
澜沧江大桥,https://you.ctrip.com/sight/deqin2178/5069236.html,已获取 poiId 但未采集到评论
治多万里长江第一湾,https://you.ctrip.com/sight/zhidoicounty1446321/5714929.html,已获取 poiId 但未采集到评论
雪巴沟景区,https://you.ctrip.com/sight/jomda120398/145458493.html,未取到 poiId（无点评或页面无评论模块）
勒巴沟岩画,https://you.ctrip.com/sight/yushucity1446308/70351520.html,已获取 poiId 但未采集到评论
巴松措-漂流,https://you.ctrip.com/sight/gongbogyamda120396/148666484.html,未取到 poiId（无点评或页面无评论模块）
伊日大峡谷,https://you.ctrip.com/sight/riwochecounty120400/153430393.html,未取到 poiId（无点评或页面无评论模块）
玉树州博物馆,https://you.ctrip.com/sight/yushucity1446308/105418326.html,已获取 poiId 但未采集到评论
鲁朗骑马射箭场,https://you.ctrip.com/sight/nyingchi126/145792185.html,未取到 poiId（无点评或页面无评论模块）
邓玛湿地景区,https://you.ctrip.com/sight/shiqu1446228/145643598.html,未取到 poiId（无点评或页面无评论模块）
布久朵当村桃花园,https://you.ctrip.com/sight/nyingchi126/150003460.html,未取到 poiId（无点评或页面无评论模块）
囊谦寺,https://you.ctrip.com/sight/nangqian2642/144204782.html,未取到 poiId（无点评或页面无评论模块）
色吾寺,https://you.ctrip.com/sight/namlingcounty120373/1489016.html,未取到 poiId（无点评或页面无评论模块）
219国道海拔最高的休闲平台,https://you.ctrip.com/sight/rutog120147/152876696.html,未取到 poiId（无点评或页面无评论模块）
班公措景点区,https://you.ctrip.com/sight/rutog120147/144364064.html,未取到 poiId（无点评或页面无评论模块）
措木那琸,https://you.ctrip.com/sight/rutog120147/145275817.html,未取到 poiId（无点评或页面无评论模块）
泉水湖,https://you.ctrip.com/sight/rutog120147/131904978.html,未取到 poiId（无点评或页面无评论模块）
普兰县广场,https://you.ctrip.com/sight/purang2440/145799476.html,未取到 poiId（无点评或页面无评论模块）
梵行浴池高压氧舱,https://you.ctrip.com/sight/purang2440/146048816.html,未取到 poiId（无点评或页面无评论模块）
日土宗遗址,https://you.ctrip.com/sight/rutog120147/145208257.html,未取到 poiId（无点评或页面无评论模块）
祖楚寺,https://you.ctrip.com/sight/purang2440/153488294.html,未取到 poiId（无点评或页面无评论模块）
玛琅观景台,https://you.ctrip.com/sight/zanda2454/143752288.html,未取到 poiId（无点评或页面无评论模块）
拉昂错观景台,https://you.ctrip.com/sight/purang2440/152811442.html,未取到 poiId（无点评或页面无评论模块）
雅鲁藏布江源头,https://you.ctrip.com/sight/purang2440/130886876.html,未取到 poiId（无点评或页面无评论模块）
玛旁雍错湿地森林公园,https://you.ctrip.com/sight/purang2440/145536501.html,未取到 poiId（无点评或页面无评论模块）
吉吾寺,https://you.ctrip.com/sight/purang2440/145497324.html,未取到 poiId（无点评或页面无评论模块）
聂塘卓玛拉康,https://you.ctrip.com/sight/qushui1446405/143308864.html,未取到 poiId（无点评或页面无评论模块）
俊巴渔村-皮划艇营地,https://you.ctrip.com/sight/qushui1446405/145397319.html,未取到 poiId（无点评或页面无评论模块）
纳帕海旅游景区,https://you.ctrip.com/sight/shangrila106/148462075.html,已获取 poiId 但未采集到评论
甲根坝景点·自然山水风光,https://you.ctrip.com/sight/kangding344/152889179.html,未取到 poiId（无点评或页面无评论模块）
泽桑拉空中花园,https://you.ctrip.com/sight/kangding344/145657404.html,已获取 poiId 但未采集到评论
普达措国家公园-海拔3625米,https://you.ctrip.com/sight/shangrila106/145356565.html,已获取 poiId 但未采集到评论
白塔寺,https://you.ctrip.com/sight/shangrila106/5068781.html,已获取 poiId 但未采集到评论
横断山脉,https://you.ctrip.com/sight/deqin2178/136209653.html,未取到 poiId（无点评或页面无评论模块）
丹霞小镇,https://you.ctrip.com/sight/ganzicounty3156/144555413.html,已获取 poiId 但未采集到评论
小中甸草原,https://you.ctrip.com/sight/shangrila106/145505403.html,未取到 poiId（无点评或页面无评论模块）
八郎生都村星空营地,https://you.ctrip.com/sight/kangding344/145187201.html,已获取 poiId 但未采集到评论
班戈错,https://you.ctrip.com/sight/baingoin120384/150023559.html,未取到 poiId（无点评或页面无评论模块）
恰规错,https://you.ctrip.com/sight/xainza120386/150070461.html,未取到 poiId（无点评或页面无评论模块）
格仁错,https://you.ctrip.com/sight/xainza120386/144362533.html,未取到 poiId（无点评或页面无评论模块）
喜马拉雅大断崖,https://you.ctrip.com/sight/gyirong120374/152820059.html?poiType=3&scene=online,未取到 poiId（无点评或页面无评论模块）
南迦巴瓦峰索松村最佳观景台,https://you.ctrip.com/sight/mainling2448/152794746.html?poiType=3&scene=online,未取到 poiId（无点评或页面无评论模块）
穹窿银城,https://you.ctrip.com/sight/zanda2454/83672415.html?poiType=3&scene=online,未取到 poiId（无点评或页面无评论模块）
青藏高原,https://you.ctrip.com/sight/zhidoicounty1446321/149353602.html,已获取 poiId 但未采集到评论
米拉山,https://you.ctrip.com/sight/gongbogyamda120396/145428933.html,未取到 poiId（无点评或页面无评论模块）
唐卡非遗文创体验馆,https://you.ctrip.com/sight/lhasa36/148410533.html,未取到 poiId（无点评或页面无评论模块）
博秀·西藏唐卡艺术博物馆,https://you.ctrip.com/sight/lhasa36/145339055.html,未取到 poiId（无点评或页面无评论模块）
德仲温泉,https://you.ctrip.com/sight/maizhokunggar1446407/144927311.html,未取到 poiId（无点评或页面无评论模块）
羊秀乡,https://you.ctrip.com/sight/biru120390/136019863.html,未取到 poiId（无点评或页面无评论模块）
布达拉宫-珍宝馆,https://you.ctrip.com/sight/lhasa36/3374366.html,未取到 poiId（无点评或页面无评论模块）
布加冰川穹雄沟景区,https://you.ctrip.com/sight/sogcounty120391/145497667.html,未取到 poiId（无点评或页面无评论模块）
金顶,https://you.ctrip.com/sight/lhasa36/98276842.html,未取到 poiId（无点评或页面无评论模块）
月亮湾三圣石,https://you.ctrip.com/sight/baingoin120384/148703048.html,未取到 poiId（无点评或页面无评论模块）
错愕鸟岛,https://you.ctrip.com/sight/xainza120386/145683283.html,未取到 poiId（无点评或页面无评论模块）
各拉丹东冰川,https://you.ctrip.com/sight/golmud332/145585465.html,已获取 poiId 但未采集到评论
西藏藏经博物馆,https://you.ctrip.com/sight/lhasa36/145260042.html,未取到 poiId（无点评或页面无评论模块）
象雄美朵景区,https://you.ctrip.com/sight/lhasa36/142043138.html,未取到 poiId（无点评或页面无评论模块）
巴木措观景台,https://you.ctrip.com/sight/baingoin120384/145182491.html,未取到 poiId（无点评或页面无评论模块）
麦地卡湿地国家级自然保护区,https://you.ctrip.com/sight/lhari120389/134080038.html,未取到 poiId（无点评或页面无评论模块）
神秘树林,https://you.ctrip.com/sight/lhunzhub1446410/142994892.html,未取到 poiId（无点评或页面无评论模块）
释迦牟尼殿,https://you.ctrip.com/sight/lhasa36/98276855.html,未取到 poiId（无点评或页面无评论模块）
哲蚌寺-观景台,https://you.ctrip.com/sight/lhasa36/145585112.html,未取到 poiId（无点评或页面无评论模块）
松多温泉,https://you.ctrip.com/sight/gongbogyamda120396/148790301.html,未取到 poiId（无点评或页面无评论模块）
热振国家森林公园,https://you.ctrip.com/sight/lhunzhub1446410/145340279.html,未取到 poiId（无点评或页面无评论模块）
色拉寺大殿,https://you.ctrip.com/sight/lhasa36/145428592.html,未取到 poiId（无点评或页面无评论模块）
德仲寺,https://you.ctrip.com/sight/maizhokunggar1446407/1487791.html,未取到 poiId（无点评或页面无评论模块）
加奈玉错,https://you.ctrip.com/sight/lhari120389/144363096.html,未取到 poiId（无点评或页面无评论模块）
比如寺,https://you.ctrip.com/sight/biru120390/144197495.html,未取到 poiId（无点评或页面无评论模块）
当雄雪山星空营地,https://you.ctrip.com/sight/damxung2443/152885707.html,未取到 poiId（无点评或页面无评论模块）
梵音映画环球旅拍,https://you.ctrip.com/sight/lhasa36/134006971.html,未取到 poiId（无点评或页面无评论模块）
贡萨寺,https://you.ctrip.com/sight/biru120390/145683045.html,未取到 poiId（无点评或页面无评论模块）
乃仓广场,https://you.ctrip.com/sight/lhasa36/145765238.html,未取到 poiId（无点评或页面无评论模块）
香巴拉礼赞·金马宴·民族歌舞演艺,https://you.ctrip.com/sight/lhasa36/8066000154832924.html,未取到 poiId（无点评或页面无评论模块）
飞来寺风景区观景台,https://you.ctrip.com/sight/deqin2178/153408636.html,已获取 poiId 但未采集到评论
孔雀山垭口,https://you.ctrip.com/sight/deqin2178/149648267.html,未取到 poiId（无点评或页面无评论模块）
平措朵宫林,https://you.ctrip.com/sight/basu120403/145461004.html,未取到 poiId（无点评或页面无评论模块）
海子山,https://you.ctrip.com/sight/batang3102/133528225.html,已获取 poiId 但未采集到评论
川西最美高寒草原-昌台大草原,https://you.ctrip.com/sight/baiyu120485/145576036.html,未取到 poiId（无点评或页面无评论模块）
梅里雪山国家公园-雾浓顶景区,https://you.ctrip.com/sight/deqin2178/144195465.html,已获取 poiId 但未采集到评论
梅里北坡,https://you.ctrip.com/sight/deqin2178/5714700.html,未取到 poiId（无点评或页面无评论模块）
独龙江国家公园,https://you.ctrip.com/sight/gongshan1446282/145582259.html,已获取 poiId 但未采集到评论
扎瓦拉观景台,https://you.ctrip.com/sight/batang3102/151318889.html,未取到 poiId（无点评或页面无评论模块）
他念他翁山,https://you.ctrip.com/sight/qamdo559/145411757.html,未取到 poiId（无点评或页面无评论模块）
巴拉格宗景区,https://you.ctrip.com/sight/derong1446220/149946655.html,未取到 poiId（无点评或页面无评论模块）
雪达湖,https://you.ctrip.com/sight/deqin2178/5719904.html,未取到 poiId（无点评或页面无评论模块）
松赞雨崩帐篷营地,https://you.ctrip.com/sight/deqin2178/134101499.html,未取到 poiId（无点评或页面无评论模块）
尕丁寺,https://you.ctrip.com/sight/nangqian2642/5719660.html,已获取 poiId 但未采集到评论
玉隆拉措观景台,https://you.ctrip.com/sight/dege3140/150186608.html,已获取 poiId 但未采集到评论
大阿育王塔,https://you.ctrip.com/sight/nangqian2642/5719618.html,未取到 poiId（无点评或页面无评论模块）
拉龙措国家湿地公园,https://you.ctrip.com/sight/baiyu120485/130369042.html,未取到 poiId（无点评或页面无评论模块）
业拉山垭口,https://you.ctrip.com/sight/zogangcounty120405/130369254.html,未取到 poiId（无点评或页面无评论模块）
巴塘318自驾游营地,https://you.ctrip.com/sight/batang3102/150261732.html,已获取 poiId 但未采集到评论
帕龙藏布,https://you.ctrip.com/sight/bome2436/144197735.html,未取到 poiId（无点评或页面无评论模块）
贡当神山观景台,https://you.ctrip.com/sight/gongshan1446282/145176896.html,已获取 poiId 但未采集到评论
鲁朗林海第一观景台,https://you.ctrip.com/sight/nyingchi126/145607961.html,未取到 poiId（无点评或页面无评论模块）
别若则错,https://you.ctrip.com/sight/gegyai120144/148653576.html,未取到 poiId（无点评或页面无评论模块）
尼屋藏布,https://you.ctrip.com/sight/lhari120389/144363120.html,未取到 poiId（无点评或页面无评论模块）
结古寺禅修院,https://you.ctrip.com/sight/yushucity1446308/145488224.html,已获取 poiId 但未采集到评论
赞普博物馆,https://you.ctrip.com/sight/nangqian2642/5705411.html,未取到 poiId（无点评或页面无评论模块）
工布公园,https://you.ctrip.com/sight/nyingchi126/153247954.html,未取到 poiId（无点评或页面无评论模块）
两江汇流处,https://you.ctrip.com/sight/nyingchi126/145431068.html,未取到 poiId（无点评或页面无评论模块）
普莫雍措景区观景台,https://you.ctrip.com/sight/nagarzecounty2438/150134419.html,未取到 poiId（无点评或页面无评论模块）
雪达村,https://you.ctrip.com/sight/tingri2450/83583189.html,未取到 poiId（无点评或页面无评论模块）
桑珠孜宗堡,https://you.ctrip.com/sight/shigatse100/145709697.html,未取到 poiId（无点评或页面无评论模块）
曲德寺,https://you.ctrip.com/sight/tingri2450/145567198.html,未取到 poiId（无点评或页面无评论模块）
卡若拉冰川-观景台,https://you.ctrip.com/sight/gyantse2437/149336320.html,未取到 poiId（无点评或页面无评论模块）
羊湖之心,https://you.ctrip.com/sight/nagarzecounty2438/150435676.html,未取到 poiId（无点评或页面无评论模块）
纳唐寺,https://you.ctrip.com/sight/shigatse100/129031.html,未取到 poiId（无点评或页面无评论模块）
加错拉山观景台,https://you.ctrip.com/sight/lhatse2444/145449936.html,未取到 poiId（无点评或页面无评论模块）
蒙达岗日,https://you.ctrip.com/sight/lhozhag120411/134024765.html,未取到 poiId（无点评或页面无评论模块）
珠峰大剧院,https://you.ctrip.com/sight/shigatse100/145832326.html,未取到 poiId（无点评或页面无评论模块）
聂拉木人民广场,https://you.ctrip.com/sight/nyalamcounty2445/145575190.html,未取到 poiId（无点评或页面无评论模块）
日喀则石刻艺术博物馆,https://you.ctrip.com/sight/shigatse100/151618744.html,未取到 poiId（无点评或页面无评论模块）
扎西吉培寺,https://you.ctrip.com/sight/xaitongmoincounty120379/5715291.html,未取到 poiId（无点评或页面无评论模块）
香格里拉七星雪滑雪场,https://you.ctrip.com/sight/shangrila106/149685359.html,已获取 poiId 但未采集到评论
日照金山,https://you.ctrip.com/sight/yajiang3137/145475955.html,未取到 poiId（无点评或页面无评论模块）
贺龙桥,https://you.ctrip.com/sight/deqin2178/134048547.html,已获取 poiId 但未采集到评论
纳帕海观景台,https://you.ctrip.com/sight/shangrila106/145346729.html,已获取 poiId 但未采集到评论
扎雅土司三号院,https://you.ctrip.com/sight/shangrila106/151317900.html,已获取 poiId 但未采集到评论
香格里拉纳帕海大草原,https://you.ctrip.com/sight/shangrila106/151347278.html,已获取 poiId 但未采集到评论
古城非遗体验中心,https://you.ctrip.com/sight/shangrila106/150271502.html,已获取 poiId 但未采集到评论
香格里拉镇城市文化广场,https://you.ctrip.com/sight/daochengcounty342/146104306.html,已获取 poiId 但未采集到评论
同乐傈僳族山寨,https://you.ctrip.com/sight/deqin2178/130369159.html,已获取 poiId 但未采集到评论
香格里拉市独克宗古城-大佛寺,https://you.ctrip.com/sight/shangrila106/131896518.html,已获取 poiId 但未采集到评论
松赞林景区-观景台,https://you.ctrip.com/sight/shangrila106/145406097.html,已获取 poiId 但未采集到评论
那玛峰,https://you.ctrip.com/sight/kangding344/134025618.html,已获取 poiId 但未采集到评论
香格里拉大峡谷巴拉格宗景区-高空玻璃观景台,https://you.ctrip.com/sight/shangrila106/145246930.html,未取到 poiId（无点评或页面无评论模块）
兰花坪雪山露营地,https://you.ctrip.com/sight/shangrila106/152798393.html,未取到 poiId（无点评或页面无评论模块）
色拉花海,https://you.ctrip.com/sight/daochengcounty342/130369288.html,已获取 poiId 但未采集到评论
新都桥镇-观景点,https://you.ctrip.com/sight/kangding344/145163806.html,已获取 poiId 但未采集到评论
康定市提弄秘境,https://you.ctrip.com/sight/kangding344/151241001.html,已获取 poiId 但未采集到评论
错通翠湖(三连湖),https://you.ctrip.com/sight/dege3140/135312275.html,未取到 poiId（无点评或页面无评论模块）
独克宗古城-大门,https://you.ctrip.com/sight/shangrila106/148658074.html,未取到 poiId（无点评或页面无评论模块）
普达措国家公园-人工白水台,https://you.ctrip.com/sight/shangrila106/145148479.html,未取到 poiId（无点评或页面无评论模块）
噶丹松赞林寺-宗喀巴大殿,https://you.ctrip.com/sight/shangrila106/145198351.html,未取到 poiId（无点评或页面无评论模块）
姊妹湖,https://you.ctrip.com/sight/shuanghu120393/145160063.html,已获取 poiId 但未采集到评论
业拉山99道拐,https://you.ctrip.com/sight/120403/129082.html,未取到 poiId（无点评或页面无评论模块）
排龙天险,https://you.ctrip.com/sight/2436/128989.html,未取到 poiId（无点评或页面无评论模块）
孔唐拉姆山,https://you.ctrip.com/sight/gyirong120374/136312091.html,未取到 poiId（无点评或页面无评论模块）
吉隆大寺,https://you.ctrip.com/sight/gyirong120374/145604497.html,未取到 poiId（无点评或页面无评论模块）
加贡塘,https://you.ctrip.com/sight/coqen120146/8003000156566311.html,未取到 poiId（无点评或页面无评论模块）
底吾布隆巴,https://you.ctrip.com/sight/coqen120146/8003000156677879.html,未取到 poiId（无点评或页面无评论模块）
列布峡隆,https://you.ctrip.com/sight/coqen120146/8003000156677544.html,未取到 poiId（无点评或页面无评论模块）
下加日温布,https://you.ctrip.com/sight/coqen120146/8003000156677533.html,未取到 poiId（无点评或页面无评论模块）
布克普洛玛,https://you.ctrip.com/sight/coqen120146/8003000156677493.html,未取到 poiId（无点评或页面无评论模块）
玛布顶仁,https://you.ctrip.com/sight/coqen120146/8003000156677471.html,未取到 poiId（无点评或页面无评论模块）
下布桑落隆,https://you.ctrip.com/sight/coqen120146/8003000156676801.html,未取到 poiId（无点评或页面无评论模块）
嘎尔布尝大尔,https://you.ctrip.com/sight/coqen120146/8003000156671904.html,未取到 poiId（无点评或页面无评论模块）
仲灰麻隆,https://you.ctrip.com/sight/coqen120146/8003000156561223.html,未取到 poiId（无点评或页面无评论模块）
加德强普,https://you.ctrip.com/sight/coqen120146/8003000156561219.html,未取到 poiId（无点评或页面无评论模块）
嘎冬杰萨,https://you.ctrip.com/sight/coqen120146/8003000156556397.html,未取到 poiId（无点评或页面无评论模块）
桑贡普嘎,https://you.ctrip.com/sight/coqen120146/8003000156555525.html,未取到 poiId（无点评或页面无评论模块）
查热查吾仁玛,https://you.ctrip.com/sight/coqen120146/8003000156551604.html,未取到 poiId（无点评或页面无评论模块）
各娥腊个东呀,https://you.ctrip.com/sight/coqen120146/8003000156551218.html,未取到 poiId（无点评或页面无评论模块）
当温波隆,https://you.ctrip.com/sight/coqen120146/8003000156536602.html,未取到 poiId（无点评或页面无评论模块）
约我玛,https://you.ctrip.com/sight/coqen120146/8003000156536293.html,未取到 poiId（无点评或页面无评论模块）
坰加垒,https://you.ctrip.com/sight/coqen120146/8003000156531664.html,未取到 poiId（无点评或页面无评论模块）
扎沃仁玛,https://you.ctrip.com/sight/coqen120146/8003000156531494.html,未取到 poiId（无点评或页面无评论模块）
鸭卫拿隆,https://you.ctrip.com/sight/coqen120146/8003000156577768.html,未取到 poiId（无点评或页面无评论模块）
拿布轰作,https://you.ctrip.com/sight/coqen120146/8003000156677670.html,未取到 poiId（无点评或页面无评论模块）
德那查个隆,https://you.ctrip.com/sight/coqen120146/8003000156570236.html,未取到 poiId（无点评或页面无评论模块）
中拉各仁,https://you.ctrip.com/sight/coqen120146/8003000156561494.html,未取到 poiId（无点评或页面无评论模块）
蔡几错,https://you.ctrip.com/sight/coqen120146/144372389.html,未取到 poiId（无点评或页面无评论模块）
措勤县阴阳山,https://you.ctrip.com/sight/coqen120146/152817808.html,未取到 poiId（无点评或页面无评论模块）
措勤藏布,https://you.ctrip.com/sight/coqen120146/144456692.html,未取到 poiId（无点评或页面无评论模块）
布嘎寺,https://you.ctrip.com/sight/coqen120146/145306268.html,未取到 poiId（无点评或页面无评论模块）
象雄穹宗遗址,https://you.ctrip.com/sight/nyima120383/145464366.html,未取到 poiId（无点评或页面无评论模块）
当惹雍错多玛村观景台,https://you.ctrip.com/sight/nyima120383/145464219.html,未取到 poiId（无点评或页面无评论模块）
普当错,https://you.ctrip.com/sight/gertse120145/144197823.html,未取到 poiId（无点评或页面无评论模块）
金色广场,https://you.ctrip.com/sight/gertse120145/146007023.html,未取到 poiId（无点评或页面无评论模块）
拉姆错,https://you.ctrip.com/sight/zhongba120376/144445802.html,未取到 poiId（无点评或页面无评论模块）
清军护藏卫国纪念馆,https://you.ctrip.com/sight/gyirong120374/149966807.html,未取到 poiId（无点评或页面无评论模块）
姆错丙尼,https://you.ctrip.com/sight/ngamring120375/145709373.html,未取到 poiId（无点评或页面无评论模块）
米拉日巴故居遗址,https://you.ctrip.com/sight/gyirong120374/150145489.html,未取到 poiId（无点评或页面无评论模块）
懂布错,https://you.ctrip.com/sight/nyima120383/144362417.html,未取到 poiId（无点评或页面无评论模块）
改则县麻米寺,https://you.ctrip.com/sight/gertse120145/145574827.html,未取到 poiId（无点评或页面无评论模块）
别若措观景台,https://you.ctrip.com/sight/gegyai120144/152894162.html,未取到 poiId（无点评或页面无评论模块）
仲巴雪湖沙漠,https://you.ctrip.com/sight/zhongba120376/152875079.html,未取到 poiId（无点评或页面无评论模块）
曲隆嘎木错,https://you.ctrip.com/sight/saga120381/144359835.html,未取到 poiId（无点评或页面无评论模块）
木拉错,https://you.ctrip.com/sight/gyirong120374/144452920.html,未取到 poiId（无点评或页面无评论模块）
日吾其金塔,https://you.ctrip.com/sight/ngamring120375/152821561.html,未取到 poiId（无点评或页面无评论模块）
洞措拉康,https://you.ctrip.com/sight/gertse120145/145247965.html,未取到 poiId（无点评或页面无评论模块）
康木琼亚朵,https://you.ctrip.com/sight/gertse120145/145526792.html,未取到 poiId（无点评或页面无评论模块）
咸水湖,https://you.ctrip.com/sight/nyima120383/4582362.html,未取到 poiId（无点评或页面无评论模块）
蓬措错,https://you.ctrip.com/sight/ngamring120375/144196002.html,未取到 poiId（无点评或页面无评论模块）
桑珠甘丹寺,https://you.ctrip.com/sight/ngamring120375/150371381.html,未取到 poiId（无点评或页面无评论模块）
加加藏布,https://you.ctrip.com/sight/saga120381/143248567.html,未取到 poiId（无点评或页面无评论模块）
吉隆县县史馆,https://you.ctrip.com/sight/gyirong120374/149961768.html,未取到 poiId（无点评或页面无评论模块）
麻米错,https://you.ctrip.com/sight/gertse120145/144372737.html,未取到 poiId（无点评或页面无评论模块）
昂仁搭各加地热喷泉,https://you.ctrip.com/sight/zhongba120376/145625238.html,未取到 poiId（无点评或页面无评论模块）
罗波岗日,https://you.ctrip.com/sight/zhongba120376/153201000.html,未取到 poiId（无点评或页面无评论模块）
桑桑错,https://you.ctrip.com/sight/zhongba120376/144359752.html,未取到 poiId（无点评或页面无评论模块）
康桑格珠林,https://you.ctrip.com/sight/gertse120145/150183882.html,未取到 poiId（无点评或页面无评论模块）
多雄藏布,https://you.ctrip.com/sight/ngamring120375/143300053.html,未取到 poiId（无点评或页面无评论模块）
浪强错,https://you.ctrip.com/sight/nyalamcounty2445/144360449.html,未取到 poiId（无点评或页面无评论模块）
当琼寺,https://you.ctrip.com/sight/nyima120383/145198167.html,未取到 poiId（无点评或页面无评论模块）
仙知布多,https://you.ctrip.com/sight/gertse120145/8003000156555863.html,未取到 poiId（无点评或页面无评论模块）
最郎木,https://you.ctrip.com/sight/gertse120145/8003000156535705.html,未取到 poiId（无点评或页面无评论模块）
玛尔库奴玛,https://you.ctrip.com/sight/gertse120145/8003000156545394.html,未取到 poiId（无点评或页面无评论模块）
尼玛日塘,https://you.ctrip.com/sight/gertse120145/8003000156672670.html,未取到 poiId（无点评或页面无评论模块）
昂马错,https://you.ctrip.com/sight/gertse120145/144198258.html,未取到 poiId（无点评或页面无评论模块）
玛贡莎若,https://you.ctrip.com/sight/nyima120383/8003000156557711.html,未取到 poiId（无点评或页面无评论模块）
擦隆甲不扎,https://you.ctrip.com/sight/gertse120145/8003000156545561.html,未取到 poiId（无点评或页面无评论模块）
多贝格玛,https://you.ctrip.com/sight/zhongba120376/8003000156540180.html,未取到 poiId（无点评或页面无评论模块）
普布甲格隆,https://you.ctrip.com/sight/nyima120383/145593574.html,未取到 poiId（无点评或页面无评论模块）
荣达拖玛,https://you.ctrip.com/sight/gertse120145/8003000156535495.html,未取到 poiId（无点评或页面无评论模块）
薄卡巴松多,https://you.ctrip.com/sight/nyima120383/144362192.html,未取到 poiId（无点评或页面无评论模块）
甲不确奴玛,https://you.ctrip.com/sight/gertse120145/8003000156575512.html,未取到 poiId（无点评或页面无评论模块）
拿咔沃日,https://you.ctrip.com/sight/gertse120145/156682281.html,未取到 poiId（无点评或页面无评论模块）
特翁我加,https://you.ctrip.com/sight/nyima120383/8003000156567453.html,未取到 poiId（无点评或页面无评论模块）
下尔弄琼玛,https://you.ctrip.com/sight/zhongba120376/8003000156575372.html,未取到 poiId（无点评或页面无评论模块）
下尔弄帕瓦,https://you.ctrip.com/sight/zhongba120376/8003000156549733.html,未取到 poiId（无点评或页面无评论模块）
曲腊打玛,https://you.ctrip.com/sight/ngamring120375/8003000156532530.html,未取到 poiId（无点评或页面无评论模块）
曲戈我入,https://you.ctrip.com/sight/saga120381/8003000156530364.html,未取到 poiId（无点评或页面无评论模块）
莎字岔,https://you.ctrip.com/sight/nyima120383/8003000156674374.html,未取到 poiId（无点评或页面无评论模块）
错各雄勒,https://you.ctrip.com/sight/nyima120383/8003000156557647.html,未取到 poiId（无点评或页面无评论模块）
加德,https://you.ctrip.com/sight/gertse120145/8003000156535790.html,未取到 poiId（无点评或页面无评论模块）
昂堆巴怒隆,https://you.ctrip.com/sight/nyima120383/8003000156537447.html,未取到 poiId（无点评或页面无评论模块）
强惹玛森遗址,https://you.ctrip.com/sight/nyima120383/145936010.html,未取到 poiId（无点评或页面无评论模块）
格拉查勒,https://you.ctrip.com/sight/nyima120383/8003000156567628.html,未取到 poiId（无点评或页面无评论模块）
隆坰甲日,https://you.ctrip.com/sight/ngamring120375/8003000156541166.html,未取到 poiId（无点评或页面无评论模块）
罗隆嘎尔庆,https://you.ctrip.com/sight/saga120381/145240598.html,未取到 poiId（无点评或页面无评论模块）
棒果,https://you.ctrip.com/sight/nyima120383/8003000156532378.html,未取到 poiId（无点评或页面无评论模块）
扎那热巴,https://you.ctrip.com/sight/nyima120383/8003000156547554.html,未取到 poiId（无点评或页面无评论模块）
奢力涧隆巴,https://you.ctrip.com/sight/gertse120145/8003000156557721.html,未取到 poiId（无点评或页面无评论模块）
舍拉玛,https://you.ctrip.com/sight/gertse120145/8003000156567509.html,未取到 poiId（无点评或页面无评论模块）
隆琼吉布,https://you.ctrip.com/sight/gertse120145/8003000156565480.html,未取到 poiId（无点评或页面无评论模块）
萨嘎扎吓隆,https://you.ctrip.com/sight/nyima120383/8003000156537114.html,未取到 poiId（无点评或页面无评论模块）
肮扎浦,https://you.ctrip.com/sight/nyima120383/8003000156542319.html,未取到 poiId（无点评或页面无评论模块）
布克桑拉,https://you.ctrip.com/sight/zhongba120376/145624771.html,未取到 poiId（无点评或页面无评论模块）
帮扯尼,https://you.ctrip.com/sight/nyima120383/8003000156537393.html,未取到 poiId（无点评或页面无评论模块）
查库纳热巴,https://you.ctrip.com/sight/gertse120145/8003000156538465.html,未取到 poiId（无点评或页面无评论模块）
咔尔多普,https://you.ctrip.com/sight/gertse120145/8003000156538029.html,未取到 poiId（无点评或页面无评论模块）
什琼,https://you.ctrip.com/sight/nyima120383/8003000156562396.html,未取到 poiId（无点评或页面无评论模块）
尼阿洛日,https://you.ctrip.com/sight/zhongba120376/145644711.html,未取到 poiId（无点评或页面无评论模块）
先青惹登,https://you.ctrip.com/sight/saga120381/8003000156550123.html,未取到 poiId（无点评或页面无评论模块）
郎庆却尔木,https://you.ctrip.com/sight/saga120381/145190943.html,未取到 poiId（无点评或页面无评论模块）
门呵扎果,https://you.ctrip.com/sight/nyima120383/8003000156566931.html,未取到 poiId（无点评或页面无评论模块）
雀岗柯绒,https://you.ctrip.com/sight/gertse120145/8003000156557611.html,未取到 poiId（无点评或页面无评论模块）
泽厄东,https://you.ctrip.com/sight/ngamring120375/8003000156578723.html,未取到 poiId（无点评或页面无评论模块）
隆查木努玛,https://you.ctrip.com/sight/gertse120145/8003000156567896.html,未取到 poiId（无点评或页面无评论模块）
普布窝过冬,https://you.ctrip.com/sight/gertse120145/8003000156567973.html,未取到 poiId（无点评或页面无评论模块）
拉弄加章,https://you.ctrip.com/sight/saga120381/145260349.html,未取到 poiId（无点评或页面无评论模块）
昂仁县通林寺,https://you.ctrip.com/sight/ngamring120375/145359940.html,未取到 poiId（无点评或页面无评论模块）
淑立强隆,https://you.ctrip.com/sight/zhongba120376/145397898.html,未取到 poiId（无点评或页面无评论模块）
阿隆藏布,https://you.ctrip.com/sight/gertse120145/144372827.html,未取到 poiId（无点评或页面无评论模块）
扎木托日雅,https://you.ctrip.com/sight/nyima120383/8003000156537422.html,未取到 poiId（无点评或页面无评论模块）
姜袖普拉,https://you.ctrip.com/sight/saga120381/148634641.html,未取到 poiId（无点评或页面无评论模块）
大撞击坑,https://you.ctrip.com/sight/zhongba120376/156682382.html,未取到 poiId（无点评或页面无评论模块）
仲巴县民族团结广场,https://you.ctrip.com/sight/zhongba120376/156694553.html,未取到 poiId（无点评或页面无评论模块）
友谊部落休闲吧,https://you.ctrip.com/sight/gertse120145/8066000156692879.html,未取到 poiId（无点评或页面无评论模块）
云涧茶艺馆,https://you.ctrip.com/sight/gertse120145/8066000156692753.html,未取到 poiId（无点评或页面无评论模块）
下洼爬耳玛,https://you.ctrip.com/sight/nyima120383/8003000156547512.html,未取到 poiId（无点评或页面无评论模块）
果巴,https://you.ctrip.com/sight/zhongba120376/145691100.html,未取到 poiId（无点评或页面无评论模块）
陆嘎塘,https://you.ctrip.com/sight/gertse120145/8003000156683528.html,未取到 poiId（无点评或页面无评论模块）
那曲高寒草原,https://you.ctrip.com/sight/ngamring120375/8003000156562573.html,未取到 poiId（无点评或页面无评论模块）
杰马乌鲁,https://you.ctrip.com/sight/saga120381/145119687.html,未取到 poiId（无点评或页面无评论模块）
嘎里塘得,https://you.ctrip.com/sight/gertse120145/8003000156567018.html,未取到 poiId（无点评或页面无评论模块）
常帮勒日,https://you.ctrip.com/sight/gertse120145/8003000156538270.html,未取到 poiId（无点评或页面无评论模块）
共易曲嘎,https://you.ctrip.com/sight/gertse120145/8003000156548436.html,未取到 poiId（无点评或页面无评论模块）
坰仓甲格隆,https://you.ctrip.com/sight/gertse120145/8003000156529859.html,未取到 poiId（无点评或页面无评论模块）
松堆扎洼,https://you.ctrip.com/sight/gertse120145/8003000156537144.html,未取到 poiId（无点评或页面无评论模块）
桑弄抗木期,https://you.ctrip.com/sight/ngamring120375/8003000156529951.html,未取到 poiId（无点评或页面无评论模块）
错马而果,https://you.ctrip.com/sight/ngamring120375/144498682.html,未取到 poiId（无点评或页面无评论模块）
夹登上登,https://you.ctrip.com/sight/zhongba120376/145230037.html,未取到 poiId（无点评或页面无评论模块）
怎卓错,https://you.ctrip.com/sight/saga120381/144452573.html,未取到 poiId（无点评或页面无评论模块）
日差玉,https://you.ctrip.com/sight/nyima120383/145257409.html,未取到 poiId（无点评或页面无评论模块）
玛尔贡强玛,https://you.ctrip.com/sight/gertse120145/8003000156580784.html,未取到 poiId（无点评或页面无评论模块）
舍耳千,https://you.ctrip.com/sight/saga120381/8003000156568707.html,未取到 poiId（无点评或页面无评论模块）
舍陆,https://you.ctrip.com/sight/ngamring120375/8003000156572096.html,未取到 poiId（无点评或页面无评论模块）
玛热玛尔,https://you.ctrip.com/sight/gertse120145/8003000156537627.html,未取到 poiId（无点评或页面无评论模块）
啊章麻顶,https://you.ctrip.com/sight/ngamring120375/8003000156551532.html,未取到 poiId（无点评或页面无评论模块）
查仓诺布隆,https://you.ctrip.com/sight/saga120381/8003000156530228.html,未取到 poiId（无点评或页面无评论模块）
错我么熊,https://you.ctrip.com/sight/zhongba120376/145643731.html,未取到 poiId（无点评或页面无评论模块）
鲁木错,https://you.ctrip.com/sight/ngamring120375/8003000156529974.html,未取到 poiId（无点评或页面无评论模块）
密巴叉如,https://you.ctrip.com/sight/gertse120145/8003000156559760.html,未取到 poiId（无点评或页面无评论模块）
革勒那旧,https://you.ctrip.com/sight/nyima120383/8003000156577503.html,未取到 poiId（无点评或页面无评论模块）
扎弄扒尔玛,https://you.ctrip.com/sight/gertse120145/156675176.html,未取到 poiId（无点评或页面无评论模块）
拍羊嘎尔布强隆,https://you.ctrip.com/sight/gertse120145/8003000156558632.html,未取到 poiId（无点评或页面无评论模块）
波尔江,https://you.ctrip.com/sight/zhongba120376/143255619.html,未取到 poiId（无点评或页面无评论模块）
俄塘虾隆,https://you.ctrip.com/sight/gertse120145/8003000156548442.html,未取到 poiId（无点评或页面无评论模块）
拍阿首多甲布桑,https://you.ctrip.com/sight/gertse120145/8003000156548511.html,未取到 poiId（无点评或页面无评论模块）
旦巴庆莫,https://you.ctrip.com/sight/saga120381/145595432.html,未取到 poiId（无点评或页面无评论模块）
错戳龙,https://you.ctrip.com/sight/gyirong120374/144452629.html,未取到 poiId（无点评或页面无评论模块）
柯各热,https://you.ctrip.com/sight/gertse120145/8003000156568256.html,未取到 poiId（无点评或页面无评论模块）
科章,https://you.ctrip.com/sight/ngamring120375/8003000156676243.html,未取到 poiId（无点评或页面无评论模块）
热果勒,https://you.ctrip.com/sight/nyima120383/82976470.html,未取到 poiId（无点评或页面无评论模块）
绒查朗,https://you.ctrip.com/sight/zhongba120376/156579681.html,未取到 poiId（无点评或页面无评论模块）
热晒也洼拉,https://you.ctrip.com/sight/gertse120145/8003000156537547.html,未取到 poiId（无点评或页面无评论模块）
甲郎仁通,https://you.ctrip.com/sight/gyirong120374/8003000156568744.html,未取到 poiId（无点评或页面无评论模块）
查居庆木,https://you.ctrip.com/sight/saga120381/145527149.html,未取到 poiId（无点评或页面无评论模块）
昂仁县拉扎寺,https://you.ctrip.com/sight/ngamring120375/145566206.html,未取到 poiId（无点评或页面无评论模块）
色热嘎母桑,https://you.ctrip.com/sight/gertse120145/8003000156567962.html,未取到 poiId（无点评或页面无评论模块）
生东,https://you.ctrip.com/sight/ngamring120375/8003000156559808.html,未取到 poiId（无点评或页面无评论模块）
打文帕玛,https://you.ctrip.com/sight/zhongba120376/145427705.html,未取到 poiId（无点评或页面无评论模块）
雅新孔,https://you.ctrip.com/sight/gyirong120374/8003000156538881.html,未取到 poiId（无点评或页面无评论模块）
扎布热,https://you.ctrip.com/sight/gertse120145/8003000156568432.html,未取到 poiId（无点评或页面无评论模块）
座倾错,https://you.ctrip.com/sight/gertse120145/144457714.html,未取到 poiId（无点评或页面无评论模块）
观察哨山,https://you.ctrip.com/sight/saga120381/8003000156539198.html,未取到 poiId（无点评或页面无评论模块）
茄柔欧鸟拉,https://you.ctrip.com/sight/gertse120145/8003000156567418.html,未取到 poiId（无点评或页面无评论模块）
拉克昌,https://you.ctrip.com/sight/zhongba120376/8003000156530326.html,未取到 poiId（无点评或页面无评论模块）
拿不扎强玛,https://you.ctrip.com/sight/nyima120383/8003000156536955.html,未取到 poiId（无点评或页面无评论模块）
多玛错,https://you.ctrip.com/sight/gertse120145/144372789.html,未取到 poiId（无点评或页面无评论模块）
马尔下错,https://you.ctrip.com/sight/nyima120383/144362500.html,未取到 poiId（无点评或页面无评论模块）
迦塘,https://you.ctrip.com/sight/saga120381/146057841.html,未取到 poiId（无点评或页面无评论模块）
雄巴,https://you.ctrip.com/sight/gertse120145/8003000156579062.html,未取到 poiId（无点评或页面无评论模块）
谷宫错,https://you.ctrip.com/sight/ngamring120375/144452526.html,未取到 poiId（无点评或页面无评论模块）
查拉丁,https://you.ctrip.com/sight/ngamring120375/8003000156529912.html,未取到 poiId（无点评或页面无评论模块）
指斯桑凯,https://you.ctrip.com/sight/gegyai120144/8003000156537138.html,未取到 poiId（无点评或页面无评论模块）
掌杰洞玛,https://you.ctrip.com/sight/gertse120145/8003000156528712.html,未取到 poiId（无点评或页面无评论模块）
热知和母,https://you.ctrip.com/sight/gegyai120144/8003000156566723.html,未取到 poiId（无点评或页面无评论模块）
孔唐拉姆山,https://you.ctrip.com/sight/gyirong120374/8003000156548989.html,未取到 poiId（无点评或页面无评论模块）
嘎俄罗马,https://you.ctrip.com/sight/ngamring120375/8003000156549782.html,未取到 poiId（无点评或页面无评论模块）
欧阿涌木,https://you.ctrip.com/sight/gertse120145/8003000156547634.html,未取到 poiId（无点评或页面无评论模块）
鱼马龙,https://you.ctrip.com/sight/zhongba120376/145112188.html,未取到 poiId（无点评或页面无评论模块）
躲查洞,https://you.ctrip.com/sight/gertse120145/8003000156548514.html,未取到 poiId（无点评或页面无评论模块）
沙列,https://you.ctrip.com/sight/nyima120383/8003000156536904.html,未取到 poiId（无点评或页面无评论模块）
羌塘日吾,https://you.ctrip.com/sight/tingri2450/145349893.html,未取到 poiId（无点评或页面无评论模块）
西藏日喀则市定日县曲洛乡贡达普寺,https://you.ctrip.com/sight/tingri2450/145665025.html,未取到 poiId（无点评或页面无评论模块）
曲典尼马曲米,https://you.ctrip.com/sight/kamba120380/145340211.html,未取到 poiId（无点评或页面无评论模块）
吉列修行院,https://you.ctrip.com/sight/sagya2442/153272575.html,未取到 poiId（无点评或页面无评论模块）
八思巴金塔广场,https://you.ctrip.com/sight/sagya2442/151252881.html,未取到 poiId（无点评或页面无评论模块）
北寺白塔,https://you.ctrip.com/sight/sagya2442/8003000154098088.html,未取到 poiId（无点评或页面无评论模块）
扎仓寺,https://you.ctrip.com/sight/tingri2450/145684493.html,未取到 poiId（无点评或页面无评论模块）
拉孜县乃萨寺,https://you.ctrip.com/sight/lhatse2444/145675461.html,未取到 poiId（无点评或页面无评论模块）
萨木当绒,https://you.ctrip.com/sight/lhatse2444/148675933.html,未取到 poiId（无点评或页面无评论模块）
当卓寺,https://you.ctrip.com/sight/tingri2450/145220528.html,未取到 poiId（无点评或页面无评论模块）
普莫里冰川,https://you.ctrip.com/sight/tingri2450/143252174.html,未取到 poiId（无点评或页面无评论模块）
拉孜县夏庆扎仓寺,https://you.ctrip.com/sight/lhatse2444/145291557.html,未取到 poiId（无点评或页面无评论模块）
拉孜县恰雄寺,https://you.ctrip.com/sight/lhatse2444/145182300.html,未取到 poiId（无点评或页面无评论模块）
拉孜县博东埃曲德寺,https://you.ctrip.com/sight/lhatse2444/145587414.html,未取到 poiId（无点评或页面无评论模块）
果列玛寺,https://you.ctrip.com/sight/lhatse2444/145489298.html,未取到 poiId（无点评或页面无评论模块）
觉囊尼姑寺,https://you.ctrip.com/sight/lhatse2444/152813808.html,未取到 poiId（无点评或页面无评论模块）
久巴寺,https://you.ctrip.com/sight/sagya2442/145263148.html,未取到 poiId（无点评或页面无评论模块）
开若,https://you.ctrip.com/sight/sagya2442/145577901.html,未取到 poiId（无点评或页面无评论模块）
拉顶寺,https://you.ctrip.com/sight/ngamring120375/145605357.html,未取到 poiId（无点评或页面无评论模块）
扎桑寺,https://you.ctrip.com/sight/ngamring120375/145467752.html,未取到 poiId（无点评或页面无评论模块）
麦多顶,https://you.ctrip.com/sight/garcounty120143/8003000156539876.html,未取到 poiId（无点评或页面无评论模块）
揽月亭,https://you.ctrip.com/sight/garcounty120143/145601610.html,未取到 poiId（无点评或页面无评论模块）
座普哈热,https://you.ctrip.com/sight/garcounty120143/145404122.html,未取到 poiId（无点评或页面无评论模块）
阿里群艺馆,https://you.ctrip.com/sight/garcounty120143/144199128.html,未取到 poiId（无点评或页面无评论模块）
岗日央培欢乐宫,https://you.ctrip.com/sight/garcounty120143/8003000156545370.html,未取到 poiId（无点评或页面无评论模块）
阿里地区噶尔县顿久寺,https://you.ctrip.com/sight/garcounty120143/145140681.html,未取到 poiId（无点评或页面无评论模块）
阿里地区烈士纪念馆,https://you.ctrip.com/sight/garcounty120143/8003000156535562.html,未取到 poiId（无点评或页面无评论模块）
古格时代广场,https://you.ctrip.com/sight/garcounty120143/8066000156700808.html,未取到 poiId（无点评或页面无评论模块）
流动科技馆巡展(阿里噶尔站),https://you.ctrip.com/sight/garcounty120143/8003000156555646.html,未取到 poiId（无点评或页面无评论模块）
噶尔藏布,https://you.ctrip.com/sight/garcounty120143/144198473.html,未取到 poiId（无点评或页面无评论模块）
跟邛,https://you.ctrip.com/sight/garcounty120143/8003000156570547.html,未取到 poiId（无点评或页面无评论模块）
沃隆白果,https://you.ctrip.com/sight/garcounty120143/8003000156555527.html,未取到 poiId（无点评或页面无评论模块）
木松布色,https://you.ctrip.com/sight/garcounty120143/8003000156540679.html,未取到 poiId（无点评或页面无评论模块）
顶差列,https://you.ctrip.com/sight/garcounty120143/8003000156530829.html,未取到 poiId（无点评或页面无评论模块）
霍夺玛布,https://you.ctrip.com/sight/garcounty120143/8003000156525743.html,未取到 poiId（无点评或页面无评论模块）
仲弄俄玛,https://you.ctrip.com/sight/garcounty120143/8003000156677304.html,未取到 poiId（无点评或页面无评论模块）
隆巴色琼,https://you.ctrip.com/sight/garcounty120143/8003000156677097.html,未取到 poiId（无点评或页面无评论模块）
鲁嘎榨巴,https://you.ctrip.com/sight/garcounty120143/8003000156570915.html,未取到 poiId（无点评或页面无评论模块）
如斯布安,https://you.ctrip.com/sight/garcounty120143/8003000156570826.html,未取到 poiId（无点评或页面无评论模块）
扎夺贡玛,https://you.ctrip.com/sight/garcounty120143/8003000156570774.html,未取到 poiId（无点评或页面无评论模块）
扎夺握玛,https://you.ctrip.com/sight/garcounty120143/8003000156561018.html,未取到 poiId（无点评或页面无评论模块）
朵泽多,https://you.ctrip.com/sight/garcounty120143/8003000156540775.html,未取到 poiId（无点评或页面无评论模块）
那座普,https://you.ctrip.com/sight/garcounty120143/8003000156521756.html,未取到 poiId（无点评或页面无评论模块）
捏穷嘎如,https://you.ctrip.com/sight/garcounty120143/156550855.html,未取到 poiId（无点评或页面无评论模块）
定列仲布咔,https://you.ctrip.com/sight/garcounty120143/8003000156559931.html,未取到 poiId（无点评或页面无评论模块）
侧约,https://you.ctrip.com/sight/garcounty120143/8003000156536053.html,未取到 poiId（无点评或页面无评论模块）
阿里玛旁雍措星空营地,https://you.ctrip.com/sight/purang2440/133953914.html,未取到 poiId（无点评或页面无评论模块）
马攸木拉山,https://you.ctrip.com/sight/purang2440/152156035.html,未取到 poiId（无点评或页面无评论模块）
多玛曲,https://you.ctrip.com/sight/rutog120147/144372595.html,未取到 poiId（无点评或页面无评论模块）
札达土林国家地质公园-托林寺遗迹,https://you.ctrip.com/sight/zanda2454/144216901.html,未取到 poiId（无点评或页面无评论模块）
洞古错,https://you.ctrip.com/sight/gegyai120144/144457670.html,未取到 poiId（无点评或页面无评论模块）
札达土林-城堡式土林,https://you.ctrip.com/sight/zanda2454/144198327.html,未取到 poiId（无点评或页面无评论模块）
普兰县尊追普寺,https://you.ctrip.com/sight/purang2440/145260895.html,未取到 poiId（无点评或页面无评论模块）
阿克赛钦湖,https://you.ctrip.com/sight/heancounty2186583/144373296.html,未取到 poiId（无点评或页面无评论模块）
乌尔木,https://you.ctrip.com/sight/gegyai120144/148691455.html,未取到 poiId（无点评或页面无评论模块）
普兰县江扎寺,https://you.ctrip.com/sight/purang2440/8003000154096939.html,未取到 poiId（无点评或页面无评论模块）
贤柏林寺,https://you.ctrip.com/sight/purang2440/145516894.html,未取到 poiId（无点评或页面无评论模块）
神山房车营地,https://you.ctrip.com/sight/purang2440/155082941.html,未取到 poiId（无点评或页面无评论模块）
札达县达巴扎西伦布寺,https://you.ctrip.com/sight/zanda2454/148617014.html,未取到 poiId（无点评或页面无评论模块）
红山湖,https://you.ctrip.com/sight/rutog120147/144197860.html,未取到 poiId（无点评或页面无评论模块）
革吉县露营地,https://you.ctrip.com/sight/gegyai120144/152838117.html,未取到 poiId（无点评或页面无评论模块）
扎夺那咔囊多,https://you.ctrip.com/sight/gegyai120144/145109048.html,未取到 poiId（无点评或页面无评论模块）
昆楚克楚错,https://you.ctrip.com/sight/gertse120145/145720166.html,未取到 poiId（无点评或页面无评论模块）
加勒万河,https://you.ctrip.com/sight/heancounty2186583/144363193.html,未取到 poiId（无点评或页面无评论模块）
白嘎寺,https://you.ctrip.com/sight/zanda2454/145488160.html,未取到 poiId（无点评或页面无评论模块）
札达土林国家地质公园-象泉河,https://you.ctrip.com/sight/zanda2454/144197789.html,未取到 poiId（无点评或页面无评论模块）
札达土林-古钟式土林,https://you.ctrip.com/sight/zanda2454/144457748.html,未取到 poiId（无点评或页面无评论模块）
札达县贡布寺,https://you.ctrip.com/sight/zanda2454/145330488.html,未取到 poiId（无点评或页面无评论模块）
格吉,https://you.ctrip.com/sight/purang2440/145426754.html,未取到 poiId（无点评或页面无评论模块）
下青纳木错,https://you.ctrip.com/sight/purang2440/144198239.html,未取到 poiId（无点评或页面无评论模块）
茶卡错,https://you.ctrip.com/sight/gegyai120144/144457621.html,未取到 poiId（无点评或页面无评论模块）
鲁玛江冬错,https://you.ctrip.com/sight/rutog120147/144457540.html,未取到 poiId（无点评或页面无评论模块）
札达土林国家地质公园-美归普巴林(平顶式土林),https://you.ctrip.com/sight/zanda2454/144372085.html,未取到 poiId（无点评或页面无评论模块）
香孜曲,https://you.ctrip.com/sight/zanda2454/144199243.html,未取到 poiId（无点评或页面无评论模块）
闯玛尔君玛,https://you.ctrip.com/sight/rutog120147/8003000156525658.html,未取到 poiId（无点评或页面无评论模块）
雅玛孜直,https://you.ctrip.com/sight/rutog120147/8003000156525650.html,未取到 poiId（无点评或页面无评论模块）
昌勒古,https://you.ctrip.com/sight/gegyai120144/8003000156555981.html,未取到 poiId（无点评或页面无评论模块）
沃洛拉孜顶,https://you.ctrip.com/sight/zanda2454/8003000156521775.html,未取到 poiId（无点评或页面无评论模块）
朗拉木热色觉,https://you.ctrip.com/sight/gegyai120144/8003000156545742.html,未取到 poiId（无点评或页面无评论模块）
乔尔旦布,https://you.ctrip.com/sight/rutog120147/8003000156537242.html,未取到 poiId（无点评或页面无评论模块）
卧布玛奶,https://you.ctrip.com/sight/rutog120147/8003000156545620.html,未取到 poiId（无点评或页面无评论模块）
罗布隆仁波,https://you.ctrip.com/sight/gegyai120144/8003000156555932.html,未取到 poiId（无点评或页面无评论模块）
贡曲,https://you.ctrip.com/sight/gegyai120144/8003000156550684.html,未取到 poiId（无点评或页面无评论模块）
香孜古堡,https://you.ctrip.com/sight/zanda2454/8003000156561187.html,未取到 poiId（无点评或页面无评论模块）
唐热多仁,https://you.ctrip.com/sight/rutog120147/8003000156537541.html,未取到 poiId（无点评或页面无评论模块）
其隆沃马,https://you.ctrip.com/sight/zanda2454/8003000156551143.html,未取到 poiId（无点评或页面无评论模块）
色勒切塘,https://you.ctrip.com/sight/zanda2454/8003000156577342.html,未取到 poiId（无点评或页面无评论模块）
贡巴贾布,https://you.ctrip.com/sight/zanda2454/8003000156561201.html,未取到 poiId（无点评或页面无评论模块）
札达县拉巴寺,https://you.ctrip.com/sight/zanda2454/145399252.html,未取到 poiId（无点评或页面无评论模块）
民族团结广场,https://you.ctrip.com/sight/gegyai120144/156701189.html,未取到 poiId（无点评或页面无评论模块）
阿扎勒萨尔,https://you.ctrip.com/sight/rutog120147/8003000156527664.html,未取到 poiId（无点评或页面无评论模块）
札达县益日寺,https://you.ctrip.com/sight/zanda2454/145674926.html,未取到 poiId（无点评或页面无评论模块）
多布珠古,https://you.ctrip.com/sight/rutog120147/8003000156537567.html,未取到 poiId（无点评或页面无评论模块）
玛卡藏布河,https://you.ctrip.com/sight/rutog120147/144372634.html,未取到 poiId（无点评或页面无评论模块）
支不勒普,https://you.ctrip.com/sight/zanda2454/8003000156521581.html,未取到 poiId（无点评或页面无评论模块）
革巴江洞塘嘎,https://you.ctrip.com/sight/gegyai120144/8003000156530939.html,未取到 poiId（无点评或页面无评论模块）
讨波昂保,https://you.ctrip.com/sight/rutog120147/8003000156557645.html,未取到 poiId（无点评或页面无评论模块）
耐甲雅卜,https://you.ctrip.com/sight/rutog120147/8003000156547529.html,未取到 poiId（无点评或页面无评论模块）
梅龙达普洞穴遗址,https://you.ctrip.com/sight/gegyai120144/150293447.html,未取到 poiId（无点评或页面无评论模块）
措背措果拉,https://you.ctrip.com/sight/gegyai120144/145319874.html,未取到 poiId（无点评或页面无评论模块）
绒索尔塘咔,https://you.ctrip.com/sight/gegyai120144/8003000156521282.html,未取到 poiId（无点评或页面无评论模块）
下冒钦娃,https://you.ctrip.com/sight/rutog120147/8003000156527768.html,未取到 poiId（无点评或页面无评论模块）
奖鹅琅,https://you.ctrip.com/sight/rutog120147/8003000156537752.html,未取到 poiId（无点评或页面无评论模块）
夏木章隆,https://you.ctrip.com/sight/rutog120147/8003000156546892.html,未取到 poiId（无点评或页面无评论模块）
札达土林-岗桑土林,https://you.ctrip.com/sight/zanda2454/144198205.html,未取到 poiId（无点评或页面无评论模块）
龙嘎拉,https://you.ctrip.com/sight/gegyai120144/130886689.html,未取到 poiId（无点评或页面无评论模块）
单戈甲登,https://you.ctrip.com/sight/gegyai120144/8003000156567232.html,未取到 poiId（无点评或页面无评论模块）
拉勒杜鲁隆,https://you.ctrip.com/sight/rutog120147/8003000156557486.html,未取到 poiId（无点评或页面无评论模块）
夏吉勒加给隆巴,https://you.ctrip.com/sight/rutog120147/8003000156527792.html,未取到 poiId（无点评或页面无评论模块）
追根贡玛,https://you.ctrip.com/sight/gegyai120144/8003000156674056.html,未取到 poiId（无点评或页面无评论模块）
机准,https://you.ctrip.com/sight/gegyai120144/8003000156550509.html,未取到 poiId（无点评或页面无评论模块）
嘎吉金塘,https://you.ctrip.com/sight/zanda2454/8003000156577699.html,未取到 poiId（无点评或页面无评论模块）
那米庆,https://you.ctrip.com/sight/gegyai120144/8003000156521300.html,未取到 poiId（无点评或页面无评论模块）
贡迫加,https://you.ctrip.com/sight/zanda2454/8003000156551378.html,未取到 poiId（无点评或页面无评论模块）
查克九,https://you.ctrip.com/sight/rutog120147/156567328.html,未取到 poiId（无点评或页面无评论模块）
柴布那隆,https://you.ctrip.com/sight/rutog120147/8003000156547551.html,未取到 poiId（无点评或页面无评论模块）
昌嘎腊布隆巴,https://you.ctrip.com/sight/gegyai120144/8003000156540803.html,未取到 poiId（无点评或页面无评论模块）
纳木热普,https://you.ctrip.com/sight/gegyai120144/8003000156521163.html,未取到 poiId（无点评或页面无评论模块）
松得布,https://you.ctrip.com/sight/rutog120147/8003000156527977.html,未取到 poiId（无点评或页面无评论模块）
色库来亚,https://you.ctrip.com/sight/gegyai120144/8003000156550539.html,未取到 poiId（无点评或页面无评论模块）
节不龙,https://you.ctrip.com/sight/rutog120147/8003000156527972.html,未取到 poiId（无点评或页面无评论模块）
扎古多吉,https://you.ctrip.com/sight/rutog120147/8003000156547446.html,未取到 poiId（无点评或页面无评论模块）
跌马儿,https://you.ctrip.com/sight/gegyai120144/8003000156557411.html,未取到 poiId（无点评或页面无评论模块）
加木康巴,https://you.ctrip.com/sight/rutog120147/8003000156547445.html,未取到 poiId（无点评或页面无评论模块）
扎布庆梅,https://you.ctrip.com/sight/gegyai120144/8003000156557050.html,未取到 poiId（无点评或页面无评论模块）
卞琼鄂玉隆巴,https://you.ctrip.com/sight/gegyai120144/8003000156530817.html,未取到 poiId（无点评或页面无评论模块）
昌色如,https://you.ctrip.com/sight/rutog120147/8003000156547415.html,未取到 poiId（无点评或页面无评论模块）
干木玛桑,https://you.ctrip.com/sight/gegyai120144/8003000156570717.html,未取到 poiId（无点评或页面无评论模块）
可乎则,https://you.ctrip.com/sight/rutog120147/8003000156567291.html,未取到 poiId（无点评或页面无评论模块）
贡觉达如,https://you.ctrip.com/sight/zanda2454/8003000156559780.html,未取到 poiId（无点评或页面无评论模块）
拉玉寺,https://you.ctrip.com/sight/zanda2454/145120886.html,未取到 poiId（无点评或页面无评论模块）
窝尔温赖,https://you.ctrip.com/sight/rutog120147/8003000156537633.html,未取到 poiId（无点评或页面无评论模块）
如木嘎塘嘎,https://you.ctrip.com/sight/zanda2454/8003000156571166.html,未取到 poiId（无点评或页面无评论模块）
努芦特尔,https://you.ctrip.com/sight/zanda2454/8003000156542398.html,未取到 poiId（无点评或页面无评论模块）
洛色,https://you.ctrip.com/sight/gegyai120144/8003000156550752.html,未取到 poiId（无点评或页面无评论模块）
巴尼嘎补,https://you.ctrip.com/sight/gegyai120144/8003000156536948.html,未取到 poiId（无点评或页面无评论模块）
札达县当巴寺,https://you.ctrip.com/sight/zanda2454/145388679.html,未取到 poiId（无点评或页面无评论模块）
曲索塘嘎,https://you.ctrip.com/sight/gegyai120144/8003000156576997.html,未取到 poiId（无点评或页面无评论模块）
索拜邦阿,https://you.ctrip.com/sight/rutog120147/8003000156555769.html,未取到 poiId（无点评或页面无评论模块）
格玛如,https://you.ctrip.com/sight/gegyai120144/8003000156527157.html,未取到 poiId（无点评或页面无评论模块）
波尔纳波,https://you.ctrip.com/sight/gegyai120144/8003000156560732.html,未取到 poiId（无点评或页面无评论模块）
曼冬错,https://you.ctrip.com/sight/rutog120147/144457552.html,未取到 poiId（无点评或页面无评论模块）
奶么嘎雅,https://you.ctrip.com/sight/rutog120147/8003000156540032.html,未取到 poiId（无点评或页面无评论模块）
石隆,https://you.ctrip.com/sight/rutog120147/8003000156673795.html,未取到 poiId（无点评或页面无评论模块）
热琼甫,https://you.ctrip.com/sight/rutog120147/8003000156672573.html,未取到 poiId（无点评或页面无评论模块）
学莎拉提,https://you.ctrip.com/sight/rutog120147/8003000156570017.html,未取到 poiId（无点评或页面无评论模块）
嘛呢佳冬,https://you.ctrip.com/sight/gegyai120144/8003000156540980.html,未取到 poiId（无点评或页面无评论模块）
沃母恰直布,https://you.ctrip.com/sight/gegyai120144/8003000156570893.html,未取到 poiId（无点评或页面无评论模块）
扎勒嘎尔琼隆巴,https://you.ctrip.com/sight/gegyai120144/8003000156527095.html,未取到 poiId（无点评或页面无评论模块）
曲龙寺,https://you.ctrip.com/sight/zanda2454/145634646.html,未取到 poiId（无点评或页面无评论模块）
夺波边波,https://you.ctrip.com/sight/gegyai120144/8003000156531130.html,未取到 poiId（无点评或页面无评论模块）
玛多忙波,https://you.ctrip.com/sight/zanda2454/8003000156529988.html,未取到 poiId（无点评或页面无评论模块）
台廓里,https://you.ctrip.com/sight/rutog120147/8003000156530230.html,未取到 poiId（无点评或页面无评论模块）
美知孜,https://you.ctrip.com/sight/zanda2454/8003000156531483.html,未取到 poiId（无点评或页面无评论模块）
扎革勒曲果,https://you.ctrip.com/sight/gegyai120144/8003000156536851.html,未取到 poiId（无点评或页面无评论模块）
堆萨热旺,https://you.ctrip.com/sight/gegyai120144/8003000156526960.html,未取到 poiId（无点评或页面无评论模块）
革吉县象鲁康寺,https://you.ctrip.com/sight/gegyai120144/145207657.html,未取到 poiId（无点评或页面无评论模块）
国瓦曲尼,https://you.ctrip.com/sight/gegyai120144/8003000156546711.html,未取到 poiId（无点评或页面无评论模块）
麦德普拉,https://you.ctrip.com/sight/rutog120147/8003000156569907.html,未取到 poiId（无点评或页面无评论模块）
色扎洛玛,https://you.ctrip.com/sight/gegyai120144/8003000156550756.html,未取到 poiId（无点评或页面无评论模块）
扎加热,https://you.ctrip.com/sight/gegyai120144/8003000156566729.html,未取到 poiId（无点评或页面无评论模块）
俄玛桑隆,https://you.ctrip.com/sight/gegyai120144/8003000156546710.html,未取到 poiId（无点评或页面无评论模块）
果乃洛玛,https://you.ctrip.com/sight/rutog120147/8003000156530373.html,未取到 poiId（无点评或页面无评论模块）
拉母拉色,https://you.ctrip.com/sight/gegyai120144/8003000156557702.html,未取到 poiId（无点评或页面无评论模块）
细蛇萨,https://you.ctrip.com/sight/gegyai120144/8003000156537647.html,未取到 poiId（无点评或页面无评论模块）
洽追,https://you.ctrip.com/sight/rutog120147/8003000156557961.html,未取到 poiId（无点评或页面无评论模块）
杂曲哈扎,https://you.ctrip.com/sight/rutog120147/8003000156537849.html,未取到 poiId（无点评或页面无评论模块）
叉仓东那,https://you.ctrip.com/sight/zanda2454/8003000156558057.html,未取到 poiId（无点评或页面无评论模块）
夏弄嘎布,https://you.ctrip.com/sight/gegyai120144/8003000156527871.html,未取到 poiId（无点评或页面无评论模块）
巴嘎加桑,https://you.ctrip.com/sight/gegyai120144/8003000156527104.html,未取到 poiId（无点评或页面无评论模块）
越南纳竹,https://you.ctrip.com/sight/gegyai120144/8003000156556958.html,未取到 poiId（无点评或页面无评论模块）
帕崩古嘎尔,https://you.ctrip.com/sight/rutog120147/8003000156541321.html,未取到 poiId（无点评或页面无评论模块）
尼字隆,https://you.ctrip.com/sight/rutog120147/8003000156571191.html,未取到 poiId（无点评或页面无评论模块）
久玛错,https://you.ctrip.com/sight/gegyai120144/144372257.html,未取到 poiId（无点评或页面无评论模块）
革吉县加吾拉康,https://you.ctrip.com/sight/gegyai120144/145267176.html,未取到 poiId（无点评或页面无评论模块）
曲桑纳玛,https://you.ctrip.com/sight/gegyai120144/8003000156556976.html,未取到 poiId（无点评或页面无评论模块）
宗卓隆,https://you.ctrip.com/sight/gegyai120144/8003000156536933.html,未取到 poiId（无点评或页面无评论模块）
孔母朵隆,https://you.ctrip.com/sight/gegyai120144/8003000156546805.html,未取到 poiId（无点评或页面无评论模块）
塘勒沃布,https://you.ctrip.com/sight/rutog120147/8003000156561515.html,未取到 poiId（无点评或页面无评论模块）
西藏广播电视台(林廓西路),https://you.ctrip.com/sight/36/1694947.html,未取到 poiId（无点评或页面无评论模块）
琼果杰寺,https://you.ctrip.com/sight/339/11817.html,未取到 poiId（无点评或页面无评论模块）
金草滩,https://you.ctrip.com/sight/amdocounty120385/144198349.html,未取到 poiId（无点评或页面无评论模块）
测东拉错,https://you.ctrip.com/sight/xainza120386/144197039.html,未取到 poiId（无点评或页面无评论模块）
卓包桑,https://you.ctrip.com/sight/shuanghu120393/148663840.html,未取到 poiId（无点评或页面无评论模块）
赖毛肖日,https://you.ctrip.com/sight/shuanghu120393/148566320.html,未取到 poiId（无点评或页面无评论模块）
查给那曲日岗,https://you.ctrip.com/sight/shuanghu120393/146136729.html,未取到 poiId（无点评或页面无评论模块）
曲捷日,https://you.ctrip.com/sight/shuanghu120393/145719373.html,未取到 poiId（无点评或页面无评论模块）
玛日包节尔宰,https://you.ctrip.com/sight/shuanghu120393/145702609.html,未取到 poiId（无点评或页面无评论模块）
野牛沟,https://you.ctrip.com/sight/shuanghu120393/145848789.html,未取到 poiId（无点评或页面无评论模块）
齐隆我玛,https://you.ctrip.com/sight/shuanghu120393/145727832.html,未取到 poiId（无点评或页面无评论模块）
都佳林(杜佳里遗址),https://you.ctrip.com/sight/shuanghu120393/8003000156676089.html,未取到 poiId（无点评或页面无评论模块）
塞尼亚香玛,https://you.ctrip.com/sight/shuanghu120393/8003000156491363.html,未取到 poiId（无点评或页面无评论模块）
陇巴加果尔,https://you.ctrip.com/sight/shuanghu120393/148750651.html,未取到 poiId（无点评或页面无评论模块）
等么窝塘嘎,https://you.ctrip.com/sight/shuanghu120393/148730390.html,未取到 poiId（无点评或页面无评论模块）
日玛尔宝,https://you.ctrip.com/sight/shuanghu120393/148721180.html,未取到 poiId（无点评或页面无评论模块）
雅桑木塘嘎,https://you.ctrip.com/sight/shuanghu120393/148712477.html,未取到 poiId（无点评或页面无评论模块）
林曲稀俄玛,https://you.ctrip.com/sight/shuanghu120393/148691974.html,未取到 poiId（无点评或页面无评论模块）
杈曲玛凑,https://you.ctrip.com/sight/shuanghu120393/148625328.html,未取到 poiId（无点评或页面无评论模块）
玛勒多曲隆,https://you.ctrip.com/sight/shuanghu120393/148586194.html,未取到 poiId（无点评或页面无评论模块）
达伊鄂重曲,https://you.ctrip.com/sight/shuanghu120393/148576209.html,未取到 poiId（无点评或页面无评论模块）
曲褥作地,https://you.ctrip.com/sight/shuanghu120393/148566341.html,未取到 poiId（无点评或页面无评论模块）
克挡罗玛,https://you.ctrip.com/sight/shuanghu120393/146155694.html,未取到 poiId（无点评或页面无评论模块）
保彦合,https://you.ctrip.com/sight/shuanghu120393/146077419.html,未取到 poiId（无点评或页面无评论模块）
错车退,https://you.ctrip.com/sight/shuanghu120393/145918846.html,未取到 poiId（无点评或页面无评论模块）
索懂者,https://you.ctrip.com/sight/shuanghu120393/145917533.html,未取到 poiId（无点评或页面无评论模块）
琵琶湖,https://you.ctrip.com/sight/shuanghu120393/145877521.html,未取到 poiId（无点评或页面无评论模块）
德宗,https://you.ctrip.com/sight/shuanghu120393/145858279.html,未取到 poiId（无点评或页面无评论模块）
齐隆达玛,https://you.ctrip.com/sight/shuanghu120393/145708024.html,未取到 poiId（无点评或页面无评论模块）
乃碎措布叉,https://you.ctrip.com/sight/shuanghu120393/145702816.html,未取到 poiId（无点评或页面无评论模块）
安登夏给,https://you.ctrip.com/sight/shuanghu120393/145701705.html,未取到 poiId（无点评或页面无评论模块）
玛陇当果纲尼,https://you.ctrip.com/sight/shuanghu120393/145701685.html,未取到 poiId（无点评或页面无评论模块）
孔孔茶卡,https://you.ctrip.com/sight/shuanghu120393/145129768.html,未取到 poiId（无点评或页面无评论模块）
日乃玛柔,https://you.ctrip.com/sight/shuanghu120393/148702823.html,未取到 poiId（无点评或页面无评论模块）
小曲,https://you.ctrip.com/sight/shuanghu120393/148878086.html,未取到 poiId（无点评或页面无评论模块）
比让倡,https://you.ctrip.com/sight/shuanghu120393/148741059.html,未取到 poiId（无点评或页面无评论模块）
宁琼,https://you.ctrip.com/sight/shuanghu120393/148566146.html,未取到 poiId（无点评或页面无评论模块）
流沙河,https://you.ctrip.com/sight/shuanghu120393/145860063.html,未取到 poiId（无点评或页面无评论模块）
日埃旺纳,https://you.ctrip.com/sight/shuanghu120393/145769288.html,未取到 poiId（无点评或页面无评论模块）
水乡湖,https://you.ctrip.com/sight/shuanghu120393/145634056.html,未取到 poiId（无点评或页面无评论模块）
荷花湖,https://you.ctrip.com/sight/shuanghu120393/146128118.html,未取到 poiId（无点评或页面无评论模块）
怕陇米尔次,https://you.ctrip.com/sight/shuanghu120393/148654406.html,未取到 poiId（无点评或页面无评论模块）
琼岗日格,https://you.ctrip.com/sight/shuanghu120393/149548518.html,未取到 poiId（无点评或页面无评论模块）
江吾萨来,https://you.ctrip.com/sight/shuanghu120393/148673510.html,未取到 poiId（无点评或页面无评论模块）
热巴代尕,https://you.ctrip.com/sight/shuanghu120393/148556435.html,未取到 poiId（无点评或页面无评论模块）
约尔布多,https://you.ctrip.com/sight/shuanghu120393/146087168.html,未取到 poiId（无点评或页面无评论模块）
多涌,https://you.ctrip.com/sight/shuanghu120393/146058373.html,未取到 poiId（无点评或页面无评论模块）
帕堆错帕,https://you.ctrip.com/sight/shuanghu120393/145987159.html,未取到 poiId（无点评或页面无评论模块）
乌兰乌拉湖,https://you.ctrip.com/sight/golmud332/144205458.html,未取到 poiId（无点评或页面无评论模块）
苏加,https://you.ctrip.com/sight/amdocounty120385/148535926.html,未取到 poiId（无点评或页面无评论模块）
帮麦,https://you.ctrip.com/sight/amdocounty120385/150025887.html,未取到 poiId（无点评或页面无评论模块）
索个龙申东,https://you.ctrip.com/sight/baingoin120384/148576275.html,未取到 poiId（无点评或页面无评论模块）
扎弛秀,https://you.ctrip.com/sight/amdocounty120385/145907974.html,未取到 poiId（无点评或页面无评论模块）
拉加洛玛,https://you.ctrip.com/sight/nyima120383/145868370.html,未取到 poiId（无点评或页面无评论模块）
玉塞热拉仁保,https://you.ctrip.com/sight/amdocounty120385/148711573.html,未取到 poiId（无点评或页面无评论模块）
热俊拉玛夏改,https://you.ctrip.com/sight/amdocounty120385/146136294.html,未取到 poiId（无点评或页面无评论模块）
隆巴翁布,https://you.ctrip.com/sight/amdocounty120385/145997261.html,未取到 poiId（无点评或页面无评论模块）
枪改斯不隆,https://you.ctrip.com/sight/amdocounty120385/148702055.html,未取到 poiId（无点评或页面无评论模块）
达散木陇巴,https://you.ctrip.com/sight/golmud332/148625295.html,未取到 poiId（无点评或页面无评论模块）
迪布母帝,https://you.ctrip.com/sight/nyima120383/146036894.html,未取到 poiId（无点评或页面无评论模块）
桑康洛尔玛,https://you.ctrip.com/sight/amdocounty120385/145849343.html,未取到 poiId（无点评或页面无评论模块）
奔夸普隆玛,https://you.ctrip.com/sight/amdocounty120385/148711704.html,未取到 poiId（无点评或页面无评论模块）
多莫克庆玛,https://you.ctrip.com/sight/amdocounty120385/146056690.html,未取到 poiId（无点评或页面无评论模块）
多地阿塘,https://you.ctrip.com/sight/xainza120386/8003000156500351.html,未取到 poiId（无点评或页面无评论模块）
崩果额茸,https://you.ctrip.com/sight/amdocounty120385/146116297.html,未取到 poiId（无点评或页面无评论模块）
色林错观景台,https://you.ctrip.com/sight/xainza120386/8003000156580672.html,未取到 poiId（无点评或页面无评论模块）
色林措露营地,https://you.ctrip.com/sight/xainza120386/8003000156569466.html,未取到 poiId（无点评或页面无评论模块）
布尔根拉格萨,https://you.ctrip.com/sight/baingoin120384/148654444.html,未取到 poiId（无点评或页面无评论模块）
地里,https://you.ctrip.com/sight/xainza120386/145809479.html,未取到 poiId（无点评或页面无评论模块）
如木称错,https://you.ctrip.com/sight/golmud332/149990338.html,未取到 poiId（无点评或页面无评论模块）
隆巴阿们扎,https://you.ctrip.com/sight/xainza120386/8003000156479289.html,未取到 poiId（无点评或页面无评论模块）
玛尔贡隆阿,https://you.ctrip.com/sight/xainza120386/148644009.html,未取到 poiId（无点评或页面无评论模块）
巴章陇波,https://you.ctrip.com/sight/golmud332/8003000156577676.html,未取到 poiId（无点评或页面无评论模块）
松付当玛多,https://you.ctrip.com/sight/xainza120386/8003000156518901.html,未取到 poiId（无点评或页面无评论模块）
硼砂厂旧址,https://you.ctrip.com/sight/baingoin120384/153139301.html,未取到 poiId（无点评或页面无评论模块）
崇梦甲荣曲,https://you.ctrip.com/sight/baingoin120384/145702788.html,未取到 poiId（无点评或页面无评论模块）
查日曲者,https://you.ctrip.com/sight/xainza120386/8003000156548464.html,未取到 poiId（无点评或页面无评论模块）
埂龙哇玛,https://you.ctrip.com/sight/baingoin120384/145938700.html,未取到 poiId（无点评或页面无评论模块）
巴利得波,https://you.ctrip.com/sight/xainza120386/145613998.html,未取到 poiId（无点评或页面无评论模块）
贡木休尼亚,https://you.ctrip.com/sight/amdocounty120385/148760278.html,未取到 poiId（无点评或页面无评论模块）
伶坰杂得,https://you.ctrip.com/sight/xainza120386/148634377.html,未取到 poiId（无点评或页面无评论模块）
扎木里日几,https://you.ctrip.com/sight/xainza120386/8003000156489354.html,未取到 poiId（无点评或页面无评论模块）
查绒,https://you.ctrip.com/sight/xainza120386/148575605.html,未取到 poiId（无点评或页面无评论模块）
尼阿底旧石器遗址,https://you.ctrip.com/sight/xainza120386/153129517.html,未取到 poiId（无点评或页面无评论模块）
毕毛尼亚尔,https://you.ctrip.com/sight/baingoin120384/145696185.html,未取到 poiId（无点评或页面无评论模块）
普尔琼隆巴,https://you.ctrip.com/sight/baingoin120384/146037988.html,未取到 poiId（无点评或页面无评论模块）
鲁玛查,https://you.ctrip.com/sight/xainza120386/150223653.html,未取到 poiId（无点评或页面无评论模块）
省隆多热嘎波,https://you.ctrip.com/sight/nyima120383/8003000156488744.html,未取到 poiId（无点评或页面无评论模块）
查巫夺石颠,https://you.ctrip.com/sight/nyima120383/148681665.html,未取到 poiId（无点评或页面无评论模块）
安木架根,https://you.ctrip.com/sight/xainza120386/8003000156578986.html,未取到 poiId（无点评或页面无评论模块）
吉日旺布,https://you.ctrip.com/sight/baingoin120384/8003000156510283.html,未取到 poiId（无点评或页面无评论模块）
那布雄嘎波,https://you.ctrip.com/sight/xainza120386/8003000156568103.html,未取到 poiId（无点评或页面无评论模块）
申扎县色布寺,https://you.ctrip.com/sight/xainza120386/145288448.html,未取到 poiId（无点评或页面无评论模块）
纵钦玛洛,https://you.ctrip.com/sight/golmud332/148731468.html,未取到 poiId（无点评或页面无评论模块）
安多俄格,https://you.ctrip.com/sight/nyima120383/145887806.html,未取到 poiId（无点评或页面无评论模块）
卢故局晒塘,https://you.ctrip.com/sight/xainza120386/8003000156558570.html,未取到 poiId（无点评或页面无评论模块）
卓普,https://you.ctrip.com/sight/amdocounty120385/149267146.html,未取到 poiId（无点评或页面无评论模块）
左波列,https://you.ctrip.com/sight/nyima120383/8003000156548634.html,未取到 poiId（无点评或页面无评论模块）
达呀当马,https://you.ctrip.com/sight/nyima120383/156684999.html,未取到 poiId（无点评或页面无评论模块）
结玛尕那给隆,https://you.ctrip.com/sight/amdocounty120385/148715368.html,未取到 poiId（无点评或页面无评论模块）
打二波江由,https://you.ctrip.com/sight/xainza120386/8003000156538157.html,未取到 poiId（无点评或页面无评论模块）
玛雷甲隆,https://you.ctrip.com/sight/baingoin120384/8003000156500321.html,未取到 poiId（无点评或页面无评论模块）
打二波扎隆,https://you.ctrip.com/sight/xainza120386/8003000156498897.html,未取到 poiId（无点评或页面无评论模块）
须隆玛尔觉,https://you.ctrip.com/sight/xainza120386/8003000156528672.html,未取到 poiId（无点评或页面无评论模块）
沙列钉卡,https://you.ctrip.com/sight/xainza120386/8003000156478993.html,未取到 poiId（无点评或页面无评论模块）
达扎迪布拉,https://you.ctrip.com/sight/xainza120386/8003000156538581.html,未取到 poiId（无点评或页面无评论模块）
玉雄,https://you.ctrip.com/sight/nyima120383/8003000156518370.html,未取到 poiId（无点评或页面无评论模块）
爬尔代,https://you.ctrip.com/sight/xainza120386/8003000156558667.html,未取到 poiId（无点评或页面无评论模块）
杂古尔奴玛,https://you.ctrip.com/sight/amdocounty120385/145809423.html,未取到 poiId（无点评或页面无评论模块）
轰隆,https://you.ctrip.com/sight/baingoin120384/145811642.html,未取到 poiId（无点评或页面无评论模块）
依当隆玛,https://you.ctrip.com/sight/xainza120386/8003000156489317.html,未取到 poiId（无点评或页面无评论模块）
由尼窝,https://you.ctrip.com/sight/xainza120386/8003000156489408.html,未取到 poiId（无点评或页面无评论模块）
曲江低,https://you.ctrip.com/sight/baingoin120384/148637816.html,未取到 poiId（无点评或页面无评论模块）
打博儿雄,https://you.ctrip.com/sight/nyima120383/8003000156519135.html,未取到 poiId（无点评或页面无评论模块）
松茂朗,https://you.ctrip.com/sight/nyima120383/8003000156578679.html,未取到 poiId（无点评或页面无评论模块）
雀瑞努给日,https://you.ctrip.com/sight/amdocounty120385/148637805.html,未取到 poiId（无点评或页面无评论模块）
波那曲,https://you.ctrip.com/sight/xainza120386/144473640.html,未取到 poiId（无点评或页面无评论模块）
珠岔我蒙,https://you.ctrip.com/sight/nyima120383/148691285.html,未取到 poiId（无点评或页面无评论模块）
荣色儿,https://you.ctrip.com/sight/xainza120386/8003000156528448.html,未取到 poiId（无点评或页面无评论模块）
且马而错,https://you.ctrip.com/sight/nyima120383/144362325.html,未取到 poiId（无点评或页面无评论模块）
阿而补拉隆,https://you.ctrip.com/sight/xainza120386/149961299.html,未取到 poiId（无点评或页面无评论模块）
夺嘎二扬木角,https://you.ctrip.com/sight/xainza120386/148565533.html,未取到 poiId（无点评或页面无评论模块）
尼玛县生态园,https://you.ctrip.com/sight/nyima120383/148863504.html,未取到 poiId（无点评或页面无评论模块）
塔尔曲汪东,https://you.ctrip.com/sight/xainza120386/148740150.html,未取到 poiId（无点评或页面无评论模块）
供多马扎,https://you.ctrip.com/sight/nyima120383/148682572.html,未取到 poiId（无点评或页面无评论模块）
它布科阿,https://you.ctrip.com/sight/baingoin120384/148731569.html,未取到 poiId（无点评或页面无评论模块）
呀隆,https://you.ctrip.com/sight/nyima120383/146096258.html,未取到 poiId（无点评或页面无评论模块）
着给该罗给塘,https://you.ctrip.com/sight/amdocounty120385/148539788.html,未取到 poiId（无点评或页面无评论模块）
班戈县自日寺,https://you.ctrip.com/sight/baingoin120384/8003000154099130.html,未取到 poiId（无点评或页面无评论模块）
陇巴查鄂,https://you.ctrip.com/sight/amdocounty120385/145696243.html,未取到 poiId（无点评或页面无评论模块）
谷弄欧荣,https://you.ctrip.com/sight/nyima120383/148595088.html,未取到 poiId（无点评或页面无评论模块）
岗琼色卡,https://you.ctrip.com/sight/baingoin120384/149622484.html,未取到 poiId（无点评或页面无评论模块）
江隆门当,https://you.ctrip.com/sight/baingoin120384/145968743.html,未取到 poiId（无点评或页面无评论模块）
西藏那曲市班戈县烈士陵园,https://you.ctrip.com/sight/baingoin120384/152897771.html,未取到 poiId（无点评或页面无评论模块）
砸隆,https://you.ctrip.com/sight/nyima120383/145987305.html,未取到 poiId（无点评或页面无评论模块）
班戈县礼堂,https://you.ctrip.com/sight/baingoin120384/8003000154088270.html,未取到 poiId（无点评或页面无评论模块）
莫底,https://you.ctrip.com/sight/baingoin120384/145761715.html,未取到 poiId（无点评或页面无评论模块）
帮地得布这隆巴,https://you.ctrip.com/sight/baingoin120384/148734548.html,未取到 poiId（无点评或页面无评论模块）
依琼郭郎骇,https://you.ctrip.com/sight/baingoin120384/148635248.html,未取到 poiId（无点评或页面无评论模块）
单过,https://you.ctrip.com/sight/baingoin120384/149550103.html,未取到 poiId（无点评或页面无评论模块）
额玛尔尕,https://you.ctrip.com/sight/amdocounty120385/145908922.html,未取到 poiId（无点评或页面无评论模块）
巴尕热玛,https://you.ctrip.com/sight/amdocounty120385/8003000156519979.html,未取到 poiId（无点评或页面无评论模块）
欧茸罗玛,https://you.ctrip.com/sight/amdocounty120385/145759489.html,未取到 poiId（无点评或页面无评论模块）
那木哈热,https://you.ctrip.com/sight/baingoin120384/8003000156480470.html,未取到 poiId（无点评或页面无评论模块）
嘎尔波供给拉,https://you.ctrip.com/sight/baingoin120384/145720289.html,未取到 poiId（无点评或页面无评论模块）
折登强阿,https://you.ctrip.com/sight/nyima120383/148574347.html,未取到 poiId（无点评或页面无评论模块）
纳个冬孔日,https://you.ctrip.com/sight/nyima120383/148555976.html,未取到 poiId（无点评或页面无评论模块）
阿母达旦,https://you.ctrip.com/sight/nyima120383/146017368.html,未取到 poiId（无点评或页面无评论模块）
曲那曲,https://you.ctrip.com/sight/amdocounty120385/144197614.html,未取到 poiId（无点评或页面无评论模块）
别若尔曲,https://you.ctrip.com/sight/amdocounty120385/144197515.html,未取到 poiId（无点评或页面无评论模块）
达格加隆,https://you.ctrip.com/sight/xainza120386/8003000156499407.html,未取到 poiId（无点评或页面无评论模块）
珠故查乔,https://you.ctrip.com/sight/amdocounty120385/148734426.html,未取到 poiId（无点评或页面无评论模块）
着布查惹,https://you.ctrip.com/sight/nyima120383/148862403.html,未取到 poiId（无点评或页面无评论模块）
玛果尔曲,https://you.ctrip.com/sight/amdocounty120385/144198938.html,未取到 poiId（无点评或页面无评论模块）
巴嘎隆腊,https://you.ctrip.com/sight/nyima120383/148604065.html,未取到 poiId（无点评或页面无评论模块）
扎弄八玛尔,https://you.ctrip.com/sight/baingoin120384/8003000156539543.html,未取到 poiId（无点评或页面无评论模块）
尼扎卧玛,https://you.ctrip.com/sight/nyima120383/8003000156527063.html,未取到 poiId（无点评或页面无评论模块）
邦陇扎达,https://you.ctrip.com/sight/amdocounty120385/146046447.html,未取到 poiId（无点评或页面无评论模块）
夏里玛雀,https://you.ctrip.com/sight/golmud332/145700298.html,未取到 poiId（无点评或页面无评论模块）
马翁甲勒,https://you.ctrip.com/sight/nyima120383/145159569.html,未取到 poiId（无点评或页面无评论模块）
低给骆加尔,https://you.ctrip.com/sight/amdocounty120385/145696228.html,未取到 poiId（无点评或页面无评论模块）
电达尔隆,https://you.ctrip.com/sight/amdocounty120385/148876153.html,未取到 poiId（无点评或页面无评论模块）
隆巴鄂布,https://you.ctrip.com/sight/amdocounty120385/146140427.html,未取到 poiId（无点评或页面无评论模块）
群发广场,https://you.ctrip.com/sight/xainza120386/148719429.html,未取到 poiId（无点评或页面无评论模块）
甲千迸把,https://you.ctrip.com/sight/nyima120383/8003000156546808.html,未取到 poiId（无点评或页面无评论模块）
申扎印象1号,https://you.ctrip.com/sight/xainza120386/150375789.html,未取到 poiId（无点评或页面无评论模块）
好草坡,https://you.ctrip.com/sight/golmud332/8003000156483324.html,未取到 poiId（无点评或页面无评论模块）
夏来玛尔雀玛,https://you.ctrip.com/sight/amdocounty120385/145907644.html,未取到 poiId（无点评或页面无评论模块）
牙扎,https://you.ctrip.com/sight/nyima120383/148700909.html,未取到 poiId（无点评或页面无评论模块）
木卓崆隆,https://you.ctrip.com/sight/xainza120386/149919091.html,未取到 poiId（无点评或页面无评论模块）
果钦夏陇,https://you.ctrip.com/sight/golmud332/8003000156499924.html,未取到 poiId（无点评或页面无评论模块）
坡翁麦让隆巴,https://you.ctrip.com/sight/nyima120383/148691197.html,未取到 poiId（无点评或页面无评论模块）
马里玉隆巴,https://you.ctrip.com/sight/nyima120383/148729655.html,未取到 poiId（无点评或页面无评论模块）
晋阔尔错,https://you.ctrip.com/sight/amdocounty120385/144198961.html,未取到 poiId（无点评或页面无评论模块）
扎拉格曼多打我,https://you.ctrip.com/sight/nyima120383/148720351.html,未取到 poiId（无点评或页面无评论模块）
加查马尔果,https://you.ctrip.com/sight/nyima120383/8003000156507650.html,未取到 poiId（无点评或页面无评论模块）
卡啥,https://you.ctrip.com/sight/baingoin120384/148734497.html,未取到 poiId（无点评或页面无评论模块）
朝乌通德,https://you.ctrip.com/sight/xainza120386/8003000156516715.html,未取到 poiId（无点评或页面无评论模块）
下乌曲,https://you.ctrip.com/sight/xainza120386/148593505.html,未取到 poiId（无点评或页面无评论模块）
孔地寺,https://you.ctrip.com/sight/xainza120386/144197134.html,未取到 poiId（无点评或页面无评论模块）
西日阿托洛,https://you.ctrip.com/sight/baingoin120384/148696107.html,未取到 poiId（无点评或页面无评论模块）
抬龚给前阿,https://you.ctrip.com/sight/nyima120383/8003000156508001.html,未取到 poiId（无点评或页面无评论模块）
当琼村小圣象天门,https://you.ctrip.com/sight/nyima120383/8003000156488198.html,未取到 poiId（无点评或页面无评论模块）
把地嘎波雄,https://you.ctrip.com/sight/baingoin120384/148607711.html,未取到 poiId（无点评或页面无评论模块）
唐卡寺,https://you.ctrip.com/sight/amdocounty120385/8003000156682978.html,未取到 poiId（无点评或页面无评论模块）
松多打马,https://you.ctrip.com/sight/nyima120383/148623722.html,未取到 poiId（无点评或页面无评论模块）
布谷,https://you.ctrip.com/sight/xainza120386/146104867.html,未取到 poiId（无点评或页面无评论模块）
托瓦尔布拉,https://you.ctrip.com/sight/amdocounty120385/145832413.html,未取到 poiId（无点评或页面无评论模块）
岗清洛不隆,https://you.ctrip.com/sight/xainza120386/8003000156477343.html,未取到 poiId（无点评或页面无评论模块）
查尔托西色曲雅,https://you.ctrip.com/sight/nyima120383/148777635.html,未取到 poiId（无点评或页面无评论模块）
格琼莫热,https://you.ctrip.com/sight/nyima120383/8003000156478309.html,未取到 poiId（无点评或页面无评论模块）
怕公古嘎,https://you.ctrip.com/sight/baingoin120384/145701422.html,未取到 poiId（无点评或页面无评论模块）
波拉木钦,https://you.ctrip.com/sight/golmud332/8003000156499942.html,未取到 poiId（无点评或页面无评论模块）
果日那鄂萨尔,https://you.ctrip.com/sight/amdocounty120385/148695896.html,未取到 poiId（无点评或页面无评论模块）
希阿把落,https://you.ctrip.com/sight/baingoin120384/148647808.html,未取到 poiId（无点评或页面无评论模块）
卓贵热雅夏玛,https://you.ctrip.com/sight/amdocounty120385/145593794.html,未取到 poiId（无点评或页面无评论模块）
淌木拉俄果,https://you.ctrip.com/sight/nyima120383/148701203.html,未取到 poiId（无点评或页面无评论模块）
泵玛尔下塘,https://you.ctrip.com/sight/xainza120386/8003000156486861.html,未取到 poiId（无点评或页面无评论模块）
扎多,https://you.ctrip.com/sight/xainza120386/145856493.html,未取到 poiId（无点评或页面无评论模块）
扎求江玛,https://you.ctrip.com/sight/amdocounty120385/145985996.html,未取到 poiId（无点评或页面无评论模块）
格里麦壤,https://you.ctrip.com/sight/nyima120383/146105396.html,未取到 poiId（无点评或页面无评论模块）
